"",1,BAJA CALIFORNIA,1,VIRGINIA NORIEGA RIOS,"443,212.27","350,541.15","793,753.42",0.00,0.00,0.00,0.00,0.00,0.00,"48,662.00","48,662.00","842,415.42",
"",2,BAJA CALIFORNIA,2,ANA ELIZABETH LOPEZ SOTELO,"241,606.13","638,144.63","879,750.76",0.00,"30,000.00","30,000.00",0.00,0.00,0.00,"15,000.00","15,000.00","924,750.76",
"",3,BAJA CALIFORNIA,3,ALFONSO GARZON ZATARAIN,"443,212.27","248,961.51","692,173.78",0.00,"27,500.00","27,500.00",0.00,0.00,0.00,"44,993.97","44,993.97","764,667.75",
"",4,BAJA CALIFORNIA,4,ROSA AURORA MARTINEZ HERRERA,"443,212.27","403,466.81","846,679.08",0.00,0.00,0.00,0.00,0.00,0.00,"71,489.64","71,489.64","918,168.72",
"",5,BAJA CALIFORNIA,5,JAVIER CAMARENA SALINAS,"443,212.27","463,475.71","906,687.98",0.00,0.00,0.00,0.00,0.00,0.00,"12,000.00","12,000.00","918,687.98",
"",6,BAJA CALIFORNIA,6,NAJLA SOURAYA WEHBE DIPP,"241,606.13","680,341.38","921,947.51",0.00,"144,000.00","144,000.00",0.00,0.00,0.00,"8,000.00","8,000.00","1,073,947.51",
"",7,BAJA CALIFORNIA,7,NEREIDA FUENTES GONZÁLEZ,"443,212.27","378,319.56","821,531.83",0.00,"6,800.00","6,800.00",0.00,0.00,0.00,"72,110.58","72,110.58","900,442.41",
"",8,BAJA CALIFORNIA,8,ELISA ROSANA SOTO AGÜERO,"443,212.27","278,535.96","721,748.23",0.00,"56,107.44","56,107.44",0.00,0.00,0.00,0.00,0.00,"777,855.67",
"",9,BAJA CALIFORNIA S,R1,JUAN ALBERTO FEDERICO VALDIVIA ALVARADO,"449,212.27","248,509.37","697,721.64",0.00,0.00,0.00,0.00,0.00,0.00,0.00,0.00,"697,721.64",
"",10,BAJA CALIFORNIA S,R2,GABRIELA CISNEROS RUIZ,"323,212.27","301,659.37","624,871.64",0.00,0.00,0.00,0.00,0.00,0.00,0.00,0.00,"624,871.64",
"",11,CAMPECHE,1,MIGUEL ANGEL SULUB CAAMAL,"323,212.27","527,500.37","850,712.64",0.00,0.00,0.00,0.00,0.00,0.00,"31,500.00","31,500.00","882,212.64",
"",12,CAMPECHE,2,MARIA DINORAH HURTADO SANSORES,"323,212.27","410,484.32","733,696.59",0.00,0.00,0.00,0.00,0.00,0.00,0.00,0.00,"733,696.59",
"",13,CHIAPAS,1,LEONARDO RAFAEL GUIRAO AGUILAR,"121,606.13","335,359.54","456,965.67",0.00,0.00,0.00,0.00,0.00,0.00,"79,400.00","79,400.00","536,365.67",
"",14,CHIAPAS,2,HERNAN DE JESUS ORANTES LOPEZ,"323,212.27","261,143.23","584,355.50",0.00,0.00,0.00,0.00,0.00,0.00,"7,700.00","7,700.00","592,055.50",
"",15,CHIAPAS,3,JORGE ALVAREZ LOPEZ,"121,606.13","280,016.14","401,622.27",0.00,"51,178.68","51,178.68",0.00,0.00,0.00,"28,800.00","28,800.00","481,600.95",
"",16,CHIAPAS,4,FLOR ANGEL JIMENEZ JIMENEZ,"323,212.27","307,315.80","630,528.07",0.00,"19,780.00","19,780.00",0.00,0.00,0.00,"27,000.00","27,000.00","677,308.07",
"",17,CHIAPAS,5,MARIA SOLEDAD SANDOVAL MARTINEZ,"323,212.27","416,539.42","739,751.69",0.00,0.00,0.00,0.00,0.00,0.00,"79,908.31","79,908.31","819,660.00",
"",18,CHIAPAS,6,SASIL NORA LUZ DE LEON VILLARD,"121,606.13","714,104.50","835,710.63",0.00,"19,753.68","19,753.68",0.00,0.00,0.00,"59,900.00","59,900.00","915,364.31",
"",19,CHIAPAS,7,DIEGO VALENTE VALERA FUENTES,"121,606.13","354,846.54","476,452.67",0.00,"20,000.00","20,000.00",0.00,0.00,0.00,"42,000.00","42,000.00","538,452.67",
"",20,CHIAPAS,8,LUIS IGNACIO AVENDAÑO BERMUDEZ,"121,606.13","340,783.69","462,389.82",0.00,0.00,0.00,0.00,0.00,0.00,"46,000.00","46,000.00","508,389.82",
"",21,CHIAPAS,9,EMILIO ENRIQUE SALAZAR FARIAS,"121,606.13","712,567.33","834,173.46",0.00,"32,484.39","32,484.39",0.00,0.00,0.00,"17,370.00","17,370.00","884,027.85",
"",22,CHIAPAS,10,JULIAN NAZAR MORALES,"323,212.27","283,142.79","606,355.06",0.00,0.00,0.00,0.00,0.00,0.00,"40,000.00","40,000.00","646,355.06",
"",23,CHIAPAS,11,ENRIQUE ZAMORA MORLET,"121,606.13","299,667.00","421,273.13",0.00,0.00,0.00,0.00,0.00,0.00,"79,402.28","79,402.28","500,675.41",
"",24,CHIAPAS,12,SAMUEL ALEXIS CHACON MORALES,"323,212.27","448,397.21","771,609.48",0.00,"21,060.00","21,060.00",0.00,0.00,0.00,"20,000.00","20,000.00","812,669.48",
"",25,CHIHUAHUA,1,FERNANDO URIARTE ZAZUETA,"449,212.27","269,564.39","718,776.66",0.00,"53,216.53","53,216.53",0.00,0.00,0.00,"14,846.40","14,846.40","786,839.59",
"",26,CHIHUAHUA,2,ANA GEORGINA ZAPATA LUCERO,"449,212.27","260,929.40","710,141.67",0.00,0.00,0.00,0.00,0.00,0.00,0.00,0.00,"710,141.67",
"",27,CHIHUAHUA,3,MARIA AVILA SERNA,"247,606.13","582,521.92","830,128.05",0.00,0.00,0.00,0.00,0.00,0.00,0.00,0.00,"830,128.05",
"",28,CHIHUAHUA,4,ADRIANA TERRAZAS PORRAS,"449,212.27","311,085.05","760,297.32",0.00,0.00,0.00,0.00,0.00,0.00,"34,843.92","34,843.92","795,141.24",
"",29,CHIHUAHUA,5,JUAN ANTONIO MELENDEZ ORTEGA,"247,606.13","567,215.72","814,821.85",0.00,"17,955.64","17,955.64",0.00,0.00,0.00,"59,989.00","59,989.00","892,766.49",
"",30,CHIHUAHUA,6,LIZ AGUILERA GARCIA,"449,212.27","428,186.22","877,398.49",0.00,0.00,0.00,0.00,0.00,0.00,"79,666.13","79,666.13","957,064.62",
"",31,CHIHUAHUA,7,ALEX LEBARON GONZALEZ,"247,606.13","244,279.12","491,885.25",0.00,"23,047.27","23,047.27",0.00,0.00,0.00,0.00,0.00,"514,932.52",
"",32,CHIHUAHUA,8,CESAR ALEJANDRO DOMINGUEZ DOMINGUEZ,"449,212.27","319,960.56","769,172.83",0.00,0.00,0.00,0.00,0.00,0.00,"74,280.00","74,280.00","843,452.83",
"",33,CHIHUAHUA,9,CARLOS GERARDO HERMOSILLO ARTEAGA,"449,212.27","203,978.39","653,190.66",0.00,0.00,0.00,0.00,0.00,0.00,0.00,0.00,"653,190.66",
"",34,COAHUILA,1,FRANCISCO SARACHO NAVARRO,"323,212.27","304,822.20","628,034.47",0.00,0.00,0.00,0.00,0.00,0.00,"18,000.00","18,000.00","646,034.47",
"",35,COAHUILA,2,ANA MARIA BOONE GODOY,"323,212.27","427,937.40","751,149.67",0.00,"15,255.00","15,255.00",0.00,0.00,0.00,0.00,0.00,"766,404.67",
"",36,COAHUILA,3,MARIA GUADALUPE OYERVIDES VALDEZ,"323,212.27","398,001.84","721,214.11",0.00,0.00,0.00,0.00,0.00,0.00,0.00,0.00,"721,214.11",
"",37,COAHUILA,4,ARMANDO LUNA CANALES,"323,212.27","428,944.74","752,157.01",0.00,0.00,0.00,0.00,0.00,0.00,0.00,0.00,"752,157.01",
"",38,COAHUILA,5,FLOR ESTELA RENTERIA MEDINA,"323,212.27","353,677.00","676,889.27",0.00,0.00,0.00,0.00,0.00,0.00,0.00,0.00,"676,889.27",
"",39,COAHUILA,6,JOSE REFUGIO SANDOVAL RODRIGUEZ,"121,606.13","736,291.44","857,897.57",0.00,0.00,0.00,0.00,0.00,0.00,0.00,0.00,"857,897.57",
"",40,COAHUILA,7,YERICO ABRAMO MASSO,"323,212.27","279,383.96","602,596.23",0.00,0.00,0.00,0.00,0.00,0.00,0.00,0.00,"602,596.23",
"",41,COLIMA,1,ENRIQUE ROJAS OROZCO,"323,212.27","361,659.68","684,871.95",0.00,0.00,0.00,0.00,0.00,0.00,"17,500.00","17,500.00","702,371.95",
"",42,COLIMA,2,NORMA ALICIA GALINDO MATIAS,"323,212.27","244,531.67","567,743.94",0.00,"55,625.00","55,625.00",0.00,0.00,0.00,"1,600.00","1,600.00","624,968.94",
"",43,DISTRITO FEDERAL,1,ROSA ELENA CORREA CRUZ,"221,606.13","575,491.45","797,097.58",0.00,0.00,0.00,0.00,0.00,0.00,0.00,0.00,"797,097.58",
"",44,DISTRITO FEDERAL,2,ADALBERTO DANIEL BLAS BAUTISTA,"449,212.27","535,708.47","984,920.74",0.00,0.00,0.00,0.00,0.00,0.00,0.00,0.00,"984,920.74",
"",45,DISTRITO FEDERAL,3,LAURA ELENA HERREJON CABALLERO,"449,212.27","468,318.40","917,530.67",0.00,"20,000.00","20,000.00",0.00,0.00,0.00,"18,400.00","18,400.00","955,930.67",
"",46,DISTRITO FEDERAL,5,HECTOR ALEJANDRO ESTRADA REGIS,"449,212.27","450,371.86","899,584.13",0.00,0.00,0.00,0.00,0.00,0.00,0.00,0.00,"899,584.13",
"",47,DISTRITO FEDERAL,6,KARLA PAOLA ARSOF CAMPOS,"122,173.93","724,414.96","846,588.89",0.00,0.00,0.00,0.00,0.00,0.00,0.00,0.00,"846,588.89",
"",48,DISTRITO FEDERAL,7,GAMALIEL GUTIERREZ ROMERO,"247,606.13","684,563.89","932,170.02",0.00,0.00,0.00,0.00,0.00,0.00,0.00,0.00,"932,170.02",
"",49,DISTRITO FEDERAL,8,RUBEN ERIK ALEJANDRO JIMENEZ HERNANDEZ,"449,212.27","499,488.45","948,700.72",0.00,"37,004.00","37,004.00",0.00,0.00,0.00,"23,084.00","23,084.00","1,008,788.72",
"",50,DISTRITO FEDERAL,9,GRACIELA MARTINEZ ORTEGA,"121,610.65","685,414.12","807,024.77",0.00,0.00,0.00,0.00,0.00,0.00,0.00,0.00,"807,024.77",
"",51,DISTRITO FEDERAL,10,JACKELINE HUERTA ESTEFAN,"449,212.27","530,183.83","979,396.10",0.00,0.00,0.00,0.00,0.00,0.00,0.00,0.00,"979,396.10",
"",52,DISTRITO FEDERAL,12,LEONOR GOMEZ OTEGUI,"449,212.27","561,158.13","1,010,370.40",0.00,0.00,0.00,0.00,0.00,0.00,"58,000.00","58,000.00","1,068,370.40",
"",53,DISTRITO FEDERAL,13,CARMEN GABRIELA GALVAN SANTIAGO,"449,212.27","389,211.34","838,423.61",0.00,0.00,0.00,0.00,0.00,0.00,0.00,0.00,"838,423.61",
"",54,DISTRITO FEDERAL,17,SARA PAOLA GALICIO FELIX DIAZ,"221,606.13","629,465.88","851,072.01",0.00,0.00,0.00,0.00,0.00,0.00,0.00,0.00,"851,072.01",
"",55,DISTRITO FEDERAL,20,HUGO ESPINOSA VAZQUEZ,"247,606.13","639,279.14","886,885.27",0.00,0.00,0.00,0.00,0.00,0.00,0.00,0.00,"886,885.27",
"",56,DISTRITO FEDERAL,21,CLAUDIA VILLANUEVA HUERTA,"121,606.13","484,816.51","606,422.64",0.00,0.00,0.00,0.00,0.00,0.00,0.00,0.00,"606,422.64",
"",57,DISTRITO FEDERAL,26,MARIA DE LA PAZ QUIÑONES CORNEJO,"449,212.27","499,501.41","948,713.68",0.00,0.00,0.00,0.00,0.00,0.00,"20,015.00","20,015.00","968,728.68",
"",58,DISTRITO FEDERAL,27,CLAUDIA ELENA RAOS LOPEZ,"121,606.13","458,696.88","580,303.01",0.00,0.00,0.00,0.00,0.00,0.00,0.00,0.00,"580,303.01",
"",59,DURANGO,1,OTNIEL GARCIA NAVARRO,"323,212.27","309,076.44","632,288.71",0.00,0.00,0.00,0.00,0.00,0.00,"25,320.23","25,320.23","657,608.94",
"",60,DURANGO,2,MARIA DEL ROCIO REBOLLO MENDOZA,"323,212.27","302,477.03","625,689.30",0.00,"10,000.00","10,000.00",388.65,388.65,0.00,"7,881.50","7,881.50","643,959.45",
"",61,DURANGO,3,OSCAR GARCIA BARRON,"323,212.27","207,435.50","530,647.77",0.00,0.00,0.00,0.00,0.00,0.00,"28,146.11","28,146.11","558,793.88",
"",62,DURANGO,4,ALICIA GUADALUPE GAMBOA MARTINEZ,"323,212.27","304,894.31","628,106.58",0.00,869.13,869.13,0.00,0.00,0.00,"12,160.00","12,160.00","641,135.71",
"",63,GUANAJUATO,1,TIMOTEO VILLA RAMIREZ,"323,212.27","225,365.58","548,577.85",0.00,0.00,0.00,0.00,0.00,0.00,0.00,0.00,"548,577.85",
"",64,GUANAJUATO,2,ANA VALERIA CLARES MARTINEZ,"121,606.13","400,566.69","522,172.82",0.00,0.00,0.00,0.00,0.00,0.00,"9,843.00","9,843.00","532,015.82",
"",65,GUANAJUATO,3,VERONICA GARCIA BARRIOS,"323,212.27","368,036.79","691,249.06",0.00,0.00,0.00,0.00,0.00,0.00,"40,842.20","40,842.20","732,091.26",
"",66,GUANAJUATO,4,ERIKA LORENA ARROYO BELLO,"323,212.27","421,910.34","745,122.61",0.00,0.00,0.00,0.00,0.00,0.00,0.00,0.00,"745,122.61",
"",67,GUANAJUATO,5,FABIOLA ESTELA QUINTERO PEREZ,"121,606.13","482,382.83","603,988.96",0.00,0.00,0.00,0.00,0.00,0.00,"15,000.00","15,000.00","618,988.96",
"",68,GUANAJUATO,6,MARTIN EUGENIO ORTIZ GARCIA,"323,212.27","481,815.72","805,027.99",0.00,0.00,0.00,0.00,0.00,0.00,0.00,0.00,"805,027.99",
"",69,GUANAJUATO,7,RICARDO RAMIREZ NIETO,"572,424.54","413,167.01","985,591.55",0.00,0.00,0.00,0.00,0.00,0.00,0.00,0.00,"985,591.55",
"",70,GUANAJUATO,8,JESUS GERARDO GONZALEZ SALGADO,"121,606.13","389,863.91","511,470.04",0.00,"3,500.00","3,500.00",0.00,0.00,0.00,0.00,0.00,"514,970.04",
"",71,GUANAJUATO,9,YULMA ROCHA AGUILAR,"323,212.27","268,123.79","591,336.06",0.00,0.00,0.00,0.00,0.00,0.00,0.00,0.00,"591,336.06",
"",72,GUANAJUATO,10,DAVID MERCADO RUIZ,"323,212.27","213,230.59","536,442.86",0.00,"12,760.00","12,760.00",0.00,0.00,0.00,"11,000.00","11,000.00","560,202.86",
"",73,GUANAJUATO,11,CELESTE GOMEZ FRAGOSO,"323,212.27","222,044.60","545,256.87",0.00,0.00,0.00,0.00,0.00,0.00,0.00,0.00,"545,256.87",
"",74,GUANAJUATO,12,MA. PORFIRIA IRMA GUTIERREZ GALVAN,"121,606.13","520,745.05","642,351.18",0.00,0.00,0.00,0.00,0.00,0.00,"50,645.75","50,645.75","692,996.93",
"",75,GUANAJUATO,13,EUGENIA GUADALUPE ABOYTES GONZALEZ,"323,212.27","417,275.39","740,487.66",0.00,0.00,0.00,0.00,0.00,0.00,0.00,0.00,"740,487.66",
"",76,GUANAJUATO,14,LORENZO LICEA ROJAS,"323,212.27","191,582.59","514,794.86",0.00,0.00,0.00,0.00,0.00,0.00,0.00,0.00,"514,794.86",
"",77,GUERRERO,1,SILVIA RIVERA CARBAJAL,"323,212.27","183,977.20","507,189.47",0.00,0.00,0.00,0.00,0.00,0.00,0.00,0.00,"507,189.47",
"",78,GUERRERO,2,SALOMON MAJUL GONZALEZ,"323,212.27","184,772.40","507,984.67",0.00,0.00,0.00,0.00,0.00,0.00,0.00,0.00,"507,984.67",
"",79,GUERRERO,3,ERIC FERNANDEZ BALLESTEROS,"323,212.27","226,705.20","549,917.47",0.00,0.00,0.00,0.00,0.00,0.00,"79,974.84","79,974.84","629,892.31",
"",80,GUERRERO,4,JULIETA FERNANDEZ MARQUEZ,"323,212.27","182,604.40","505,816.67",0.00,0.00,0.00,0.00,0.00,0.00,"3,225.00","3,225.00","509,041.67",
"",81,GUERRERO,5,ARTURO BONILLA MORALES,"323,212.27","179,611.24","502,823.51",0.00,0.00,0.00,0.00,0.00,0.00,0.00,0.00,"502,823.51",
"",82,GUERRERO,6,MARIA VERONICA MUÑOZ PARRA,"323,127.93","183,156.40","506,284.33",0.00,"26,865.60","26,865.60",0.00,0.00,0.00,"2,586.50","2,586.50","535,736.43",
"",83,GUERRERO,7,BEATRIZ VELEZ NUÑEZ,"323,212.27","216,373.20","539,585.47",0.00,"12,350.00","12,350.00",0.00,0.00,0.00,0.00,0.00,"551,935.47",
"",84,GUERRERO,8,ARTURO ALVAREZ ANGLI,"221,606.13","417,235.88","638,842.01",0.00,0.00,0.00,0.00,0.00,0.00,0.00,0.00,"638,842.01",
"",85,GUERRERO,9,RICARDO TAJA RAMIREZ,"323,212.27","178,681.40","501,893.67",0.00,0.00,0.00,0.00,0.00,0.00,"21,249.00","21,249.00","523,142.67",
"",86,HIDALGO,1,ALMA CAROLINA VIGGIANO AUSTRIA,"449,212.27","364,046.21","813,258.48",0.00,0.00,0.00,0.00,0.00,0.00,0.00,0.00,"813,258.48",
"",87,HIDALGO,2,ROSA GUADALUPE CHAVEZ ACOSTA,"449,212.27","183,427.86","632,640.13",0.00,0.00,0.00,0.00,0.00,0.00,"6,170.27","6,170.27","638,810.40",
"",88,HIDALGO,3,PEDRO LUIS NOBLE MONTERRUBIO,"449,212.27","277,896.89","727,109.16",0.00,0.00,0.00,0.00,0.00,0.00,0.00,0.00,"727,109.16",
"",89,HIDALGO,4,CESAREO JORGE MARQUEZ ALVARADO,"247,606.13","388,742.28","636,348.41",0.00,0.00,0.00,0.00,0.00,0.00,"39,787.29","39,787.29","676,135.70",
"",90,HIDALGO,5,FERNANDO QUETZALCOATL MOCTEZUMA PERE,"A449,212.27","189,077.46","638,289.73",0.00,0.00,0.00,0.00,0.00,0.00,0.00,0.00,"638,289.73",
"",91,HIDALGO,6,ALFREDO BEJOS NICOLAS,"449,212.27","558,438.99","1,007,651.26",0.00,0.00,0.00,0.00,0.00,0.00,0.00,0.00,"1,007,651.26",
"",92,HIDALGO,7,MARIA GLORIA HERNANDEZ MADRID,"449,212.27","414,252.74","863,465.01",0.00,0.00,0.00,0.00,0.00,0.00,"19,800.00","19,800.00","883,265.01",
"",93,JALISCO,1,HUGO DANIEL GAETA ESPARZA,"323,212.27","236,351.80","559,564.07",0.00,"19,000.00","19,000.00",0.00,0.00,0.00,0.00,0.00,"578,564.07",
"",94,JALISCO,2,EVELYNG SORAYA FLORES CARRANZA,"121,606.13","313,222.09","434,828.22",0.00,0.00,0.00,0.00,0.00,0.00,0.00,0.00,"434,828.22",
"",95,JALISCO,3,MARIA CONCEPCION FRANCO LUCIO,"323,212.27","279,978.58","603,190.85",0.00,0.00,0.00,0.00,0.00,0.00,"36,000.00","36,000.00","639,190.85",
"",96,JALISCO,4,LAURA VALERIA GUZMAN VAZQUEZ,"323,212.27","424,896.18","748,108.45",0.00,"13,930.00","13,930.00",0.00,0.00,0.00,"34,000.00","34,000.00","796,038.45",
"",97,JALISCO,5,GUSTAVO GONZALEZ VILLASEÑOR,"323,212.27","329,778.58","652,990.85",0.00,0.00,0.00,0.00,0.00,0.00,0.00,0.00,"652,990.85",
"",98,JALISCO,6,ABRIL ALCALA PADILLA,"121,606.13","494,826.50","616,432.63",0.00,"25,497.60","25,497.60",0.00,0.00,0.00,0.00,0.00,"641,930.23",
"",99,JALISCO,7,LAURA NEREIDA PLASCENCIA PACHECO,"323,212.27","432,312.78","755,525.05",0.00,0.00,0.00,0.00,0.00,0.00,0.00,0.00,"755,525.05",
"",100,JALISCO,8,MARIANA FERNANDEZ RAMIREZ,"443,212.27","368,321.17","811,533.44",0.00,0.00,0.00,0.00,0.00,0.00,0.00,0.00,"811,533.44",
"",101,JALISCO,9,CLARA GOMEZ CARO,"443,212.27","396,303.54","839,515.81",0.00,"20,000.00","20,000.00",0.00,0.00,0.00,"30,112.00","30,112.00","889,627.81",
"",102,JALISCO,10,ELIAS RANGEL OCHOA,"121,606.13","408,106.10","529,712.23",0.00,0.00,0.00,0.00,0.00,0.00,0.00,0.00,"529,712.23",
"",103,JALISCO,11,MARTIN LOPEZ CEDILLO,"443,212.27","387,944.81","831,157.08",0.00,0.00,0.00,0.00,0.00,0.00,"31,000.00","31,000.00","862,157.08",
"",104,JALISCO,12,BLANCA ESTELA FAJARDO DURAN,"423,212.27","443,471.23","866,683.50",0.00,0.00,0.00,0.00,0.00,0.00,0.00,0.00,"866,683.50",
"",105,JALISCO,13,JOSE TRINIDAD PADILLA LOPEZ,"443,212.27","417,232.18","860,444.45",0.00,0.00,0.00,0.00,0.00,0.00,"11,000.00","11,000.00","871,444.45",
"",106,JALISCO,14,PEDRO CASTILLO MARTINEZ,"241,606.13","624,176.81","865,782.94",0.00,0.00,0.00,0.00,0.00,0.00,0.00,0.00,"865,782.94",
"",107,JALISCO,15,RAMON BAÑALES ARAMBULA,"323,212.27","224,358.19","547,570.46",0.00,0.00,0.00,0.00,0.00,0.00,0.00,0.00,"547,570.46",
"",108,JALISCO,16,ALFREDO BARBA MARISCAL,"443,212.27","394,158.43","837,370.70",0.00,0.00,0.00,0.00,0.00,0.00,0.00,0.00,"837,370.70",
"",109,JALISCO,17,MARTHA LORENA COVARRUBIAS ANAYA,"323,212.27","490,177.96","813,390.23",0.00,0.00,0.00,0.00,0.00,0.00,0.00,0.00,"813,390.23",
"",110,JALISCO,18,J JESUS ZUÑIGA MENDOZA,"323,212.27","287,912.20","611,124.47",0.00,"18,857.36","18,857.36",0.00,0.00,0.00,0.00,0.00,"629,981.83",
"",111,JALISCO,19,JOSE LUIS OROZCO SANCHEZ ALDAMA,"323,212.27","233,768.44","556,980.71",0.00,"14,152.00","14,152.00",0.00,0.00,0.00,0.00,0.00,"571,132.71",
"",112,MEXICO,1,EDGAR CASTILLO MARTINEZ,"323,212.27","471,441.93","794,654.20",0.00,"22,956.62","22,956.62",0.00,0.00,0.00,"46,109.40","46,109.40","863,720.22",
"",113,MEXICO,2,RAUL DOMINGUEZ REX,"323,212.27","464,913.53","788,125.80",0.00,"3,155.20","3,155.20",0.00,0.00,0.00,"46,949.33","46,949.33","838,230.33",
"",114,MEXICO,3,FIDEL ALMANZA MONROY,"323,212.27","525,410.21","848,622.48",0.00,"18,702.38","18,702.38",0.00,0.00,0.00,"25,123.91","25,123.91","892,448.77",
"",115,MEXICO,4,MARIA MONSERRATH SOBREYRA SANTOS,"323,212.27","491,800.48","815,012.75",0.00,"11,137.20","11,137.20",0.00,0.00,0.00,"43,436.18","43,436.18","869,586.13",
"",116,MEXICO,5,CRISTINA SANCHEZ CORONEL,"323,212.27","164,721.26","487,933.53",0.00,"11,779.58","11,779.58",0.00,0.00,0.00,"45,931.11","45,931.11","545,644.22",
"",117,MEXICO,6,DAVID SANCHEZ ISIDORO,"323,212.27","504,516.73","827,729.00",0.00,"4,035.42","4,035.42",0.00,0.00,0.00,"24,820.00","24,820.00","856,584.42",
"",118,MEXICO,7,FRANCISCO LAURO ROJAS SAN ROMAN,"323,212.27","417,487.67","740,699.94",0.00,"4,035.42","4,035.42",0.00,0.00,0.00,"18,432.80","18,432.80","763,168.16",
"",119,MEXICO,8,SANDRA MENDEZ HERNANDEZ,"323,212.27","430,580.06","753,792.33",0.00,"11,779.58","11,779.58",0.00,0.00,0.00,"47,723.50","47,723.50","813,295.41",
"",120,MEXICO,9,DORA ELENA REAL SALINAS,"323,212.27","372,465.26","695,677.53",0.00,"8,624.37","8,624.37",0.00,0.00,0.00,"39,058.83","39,058.83","743,360.73",
"",121,MEXICO,10,VIRGINIA NALLELY GUTIERREZ RAMIREZ,"323,212.27","467,600.83","790,813.10",0.00,"7,190.62","7,190.62",0.00,0.00,0.00,"27,564.51","27,564.51","825,568.23",
"",122,MEXICO,11,PABLO BEDOLLA LOPEZ,"323,212.27","472,687.24","795,899.51",0.00,"11,779.58","11,779.58",0.00,0.00,0.00,"36,831.51","36,831.51","844,510.60",
"",123,MEXICO,12,MARICELA SERRANO HERNANDEZ,"323,212.27","538,054.73","861,267.00",0.00,"8,624.38","8,624.38",0.00,0.00,0.00,0.00,0.00,"869,891.38",
"",124,MEXICO,13,JOSE ALFREDO TORRES HUITRON,"323,212.27","391,843.55","715,055.82",0.00,"7,190.62","7,190.62",0.00,0.00,0.00,"33,510.20","33,510.20","755,756.64",
"",125,MEXICO,14,ALMA BERENICE HERNANDEZ ESCOBAR,"323,212.27","427,346.60","750,558.87",0.00,"11,779.58","11,779.58",0.00,0.00,0.00,"59,505.31","59,505.31","821,843.76",
"",126,MEXICO,15,MARIO ENRIQUE DEL TORO,"121,606.13","674,550.10","796,156.23",0.00,"11,779.58","11,779.58",0.00,0.00,0.00,"47,925.76","47,925.76","855,861.57",
"",127,MEXICO,16,MARIA ISABEL MAYA PINEDA,"323,212.27","387,737.52","710,949.79",0.00,"11,194.58","11,194.58",0.00,0.00,0.00,"26,921.54","26,921.54","749,065.91",
"",128,MEXICO,17,LUIS FELIPE VAZQUEZ GUERRERO,"324,026.67","387,737.52","711,764.19",0.00,"11,194.58","11,194.58",0.00,0.00,0.00,"26,921.54","26,921.54","749,880.31",
"",129,MEXICO,18,ALFREDO DEL MAZO MAZA,"323,212.27","654,776.94","977,989.21",0.00,0.00,0.00,0.00,0.00,0.00,"29,537.37","29,537.37","1,007,526.58",
"",130,MEXICO,19,PABLO BASAÑEZ GARCIA,"323,212.27","436,144.00","759,356.27",0.00,"11,779.58","11,779.58",0.00,0.00,0.00,"37,066.20","37,066.20","808,202.05",
"",131,MEXICO,20,ANA LUISA PEREZ RAMIREZ,"323,212.27","297,481.93","620,694.20",0.00,"12,272.58","12,272.58",0.00,0.00,0.00,"22,571.62","22,571.62","655,538.40",
"",132,MEXICO,21,DAPHNE ROXANA ALEXANDRA MENDIETA CARR,"LA323,212.27","426,095.27","749,307.54",0.00,"12,272.58","12,272.58",0.00,0.00,0.00,"16,375.02","16,375.02","777,955.14",
"",133,MEXICO,22,ENRIQUE FRANCESCO JACOB GARCIA,"323,212.27","444,139.96","767,352.23",0.00,"12,697.58","12,697.58",0.00,0.00,0.00,"29,591.17","29,591.17","809,640.98",
"",134,MEXICO,23,JOSE IGNACIO PICHARDO LECHUGA,"323,212.27","481,476.06","804,688.33",0.00,"34,516.42","34,516.42",0.00,0.00,0.00,"26,801.20","26,801.20","866,005.95",
"",135,MEXICO,24,DAVID RICARDO SANCHEZ GUEVARA,"323,212.27","456,222.64","779,434.91",0.00,"12,272.58","12,272.58",0.00,0.00,0.00,"29,576.59","29,576.59","821,284.08",
"",136,MEXICO,25,TELESFORO GARCIA CARREON,"323,212.42","373,569.51","696,781.93",0.00,"12,272.58","12,272.58",0.00,0.00,0.00,"42,025.35","42,025.35","751,079.86",
"",137,MEXICO,26,LAURA MITZI BARRIENTOS CANO,"323,212.27","607,585.28","930,797.55",0.00,"12,272.58","12,272.58",0.00,0.00,0.00,"35,854.11","35,854.11","978,924.24",
"",138,MEXICO,27,CAROLINA MONROY DEL MAZO,"323,212.27","426,065.93","749,278.20",0.00,"13,382.98","13,382.98",0.00,0.00,0.00,"39,099.12","39,099.12","801,760.30",
"",139,MEXICO,28,ROCIO DIAZ MONTOYA,"323,212.27","308,629.81","631,842.08",0.00,"12,272.58","12,272.58",0.00,0.00,0.00,0.00,0.00,"644,114.66",
"",140,MEXICO,29,HECTOR PEDROZA JIMENEZ,"148,748.82","333,647.39","482,396.21",0.00,"12,272.58","12,272.58",0.00,0.00,0.00,"13,136.60","13,136.60","507,805.39",
"",141,MEXICO,30,SILVIA LARA CALDERON,"121,606.13","532,495.10","654,101.23",0.00,"12,272.58","12,272.58",0.00,0.00,0.00,"17,487.30","17,487.30","683,861.11",
"",142,MEXICO,31,YUNUEM WANDIQUE SERRATOS,"121,606.13","317,966.82","439,572.95",0.00,"12,272.66","12,272.66",0.00,0.00,0.00,"50,672.85","50,672.85","502,518.46",
"",143,MEXICO,32,ALMA LILIA LUNA MUNGUIA,"323,212.27","505,005.22","828,217.49",0.00,"12,272.58","12,272.58",0.00,0.00,0.00,"27,555.04","27,555.04","868,045.11",
"",144,MEXICO,33,SUSANA OSORNO BELMONT,"323,212.27","413,927.76","737,140.03",0.00,"12,272.58","12,272.58",0.00,0.00,0.00,"31,194.83","31,194.83","780,607.44",
"",145,MEXICO,34,MARTHA HILDA GONZALEZ CALDERON,"323,212.27","604,300.40","927,512.67",0.00,0.00,0.00,0.00,0.00,0.00,"13,234.80","13,234.80","940,747.47",
"",146,MEXICO,35,LEYDI FABIOLA LEYVA GARCIA,"323,212.27","171,889.26","495,101.53",0.00,"12,272.58","12,272.58",0.00,0.00,0.00,"32,340.97","32,340.97","539,715.08",
"",147,MEXICO,36,IVETH BERNAL CASIQUE,"323,212.27","171,973.26","495,185.53",0.00,"8,417.15","8,417.15",0.00,0.00,0.00,"29,784.38","29,784.38","533,387.06",
"",148,MEXICO,37,GABRIEL CASILLAS ZANATTA,"323,212.27","509,132.45","832,344.72",0.00,"12,272.58","12,272.58",0.00,0.00,0.00,0.00,0.00,"844,617.30",
"",149,MEXICO,38,MARIA DE LOURDES APARICIO ESPINOSA,"323,212.27","391,327.40","714,539.67",0.00,"12,272.58","12,272.58",0.00,0.00,0.00,"17,612.80","17,612.80","744,425.05",
"",150,MEXICO,39,ANDRES AGUIRRE ROMERO,"323,212.27","384,593.29","707,805.56",0.00,"12,272.58","12,272.58",0.00,0.00,0.00,"8,212.80","8,212.80","728,290.94",
"",151,MEXICO,40,OLGA MARIA ESQUIVEL HERNANDEZ,"323,212.27","456,894.87","780,107.14",0.00,"12,272.58","12,272.58",0.00,0.00,0.00,"29,880.29","29,880.29","822,260.01",
"",152,MICHOACAN,1,SALOMON FERNANDO ROSALES REYES,"323,212.27","171,135.93","494,348.20",0.00,"5,000.00","5,000.00",0.00,0.00,0.00,0.00,0.00,"499,348.20",
"",153,MICHOACAN,2,KARINA PANTOJA PEREZ,"323,212.27","172,079.93","495,292.20",0.00,"13,413.00","13,413.00",0.00,0.00,0.00,0.00,0.00,"508,705.20",
"",154,MICHOACAN,3,JUAN ANTONIO IXTLAHUAC ORIHUELA,"323,212.27","305,873.81","629,086.08",0.00,0.00,0.00,0.00,0.00,0.00,0.00,0.00,"629,086.08",
"",155,MICHOACAN,4,ALFREDO ANAYA OROZCO,"323,212.27","177,587.93","500,800.20",0.00,0.00,0.00,0.00,0.00,0.00,0.00,0.00,"500,800.20",
"",156,MICHOACAN,5,ROSA ALICIA ALVAREZ PIÑONES,"121,606.13","229,217.81","350,823.94",0.00,0.00,0.00,0.00,0.00,0.00,0.00,0.00,"350,823.94",
"",157,MICHOACAN,6,ALFREDO FEDERICO MUÑOZ RUIZ,"323,212.27","170,651.93","493,864.20",0.00,"5,564.76","5,564.76",0.00,0.00,0.00,0.00,0.00,"499,428.96",
"",158,MICHOACAN,7,ROSA MARIA MOLINA ROJAS,"323,212.27","171,275.93","494,488.20",0.00,0.00,0.00,0.00,0.00,0.00,0.00,0.00,"494,488.20",
"",159,MICHOACAN,8,MARCO POLO AGUIRRE CHAVEZ,"323,212.27","321,567.54","644,779.81",0.00,"10,052.00","10,052.00",0.00,0.00,0.00,"41,031.60","41,031.60","695,863.41",
"",160,MICHOACAN,9,SELENE GOMEZ BARRAGAN,"121,606.13","171,335.93","292,942.06","10,000.00","31,982.20","41,982.20",0.00,0.00,0.00,"19,280.80","19,280.80","354,205.06",
"",161,MICHOACAN,10,DANIELA DE LOS SANTOS TORRES,"121,606.13","402,117.59","523,723.72",0.00,0.00,0.00,0.00,0.00,0.00,0.00,0.00,"523,723.72",
"",162,MICHOACAN,11,SAMANTA FLORES ADAME,"323,212.27","186,535.93","509,748.20",0.00,0.00,0.00,0.00,0.00,0.00,0.00,0.00,"509,748.20",
"",163,MICHOACAN,12,OMAR NOE BERNARDINO VARGAS,"121,606.13","328,660.87","450,267.00",0.00,0.00,0.00,0.00,0.00,0.00,0.00,0.00,"450,267.00",
"",164,NUEVO LEON,1,SILVIA GABRIELA VILLARREAL DE LA GARZA,"449,212.27","413,511.89","862,724.16",0.00,0.00,0.00,0.00,0.00,0.00,0.00,0.00,"862,724.16",
"",165,NUEVO LEON,2,JUAN MANUEL CAVAZOS BALDERAS,"449,212.27","390,113.96","839,326.23",0.00,"79,540.50","79,540.50",0.00,0.00,0.00,0.00,0.00,"918,866.73",
"",166,NUEVO LEON,3,JUANA AURORA CAVAZOS CAVAZOS,"449,212.27","397,034.55","846,246.82",0.00,"42,857.14","42,857.14",0.00,0.00,0.00,0.00,0.00,"889,103.96",
"",167,NUEVO LEON,4,LAURA ARELI FLORES CAVAZOS,"247,606.13","479,669.41","727,275.54",0.00,0.00,0.00,0.00,0.00,0.00,"36,320.00","36,320.00","763,595.54",
"",168,NUEVO LEON,5,FEDERICO EUGENIO VARGAS RODRIGUEZ,"449,212.27","338,571.85","787,784.12",0.00,0.00,0.00,0.00,0.00,0.00,0.00,0.00,"787,784.12",
"",169,NUEVO LEON,6,PATRICIA AGUIRRE GONZALEZ,"466,222.27","427,139.21","893,361.48",0.00,"8,513.28","8,513.28",0.00,0.00,0.00,"33,322.00","33,322.00","935,196.76",
"",170,NUEVO LEON,7,PABLO ELIZONDO GARCIA,"449,212.27","494,058.54","943,270.81",0.00,"39,999.76","39,999.76",0.00,0.00,0.00,"21,442.50","21,442.50","1,004,713.07",
"",171,NUEVO LEON,8,DANIEL TORRES CANTU,"449,212.27","426,302.55","875,514.82",0.00,0.00,0.00,0.00,0.00,0.00,"25,789.12","25,789.12","901,303.94",
"",172,NUEVO LEON,9,RAMON VILLAGOMEZ GUERRERO,"449,212.27","393,594.54","842,806.81",0.00,0.00,0.00,0.00,0.00,0.00,"34,543.50","34,543.50","877,350.31",
"",173,NUEVO LEON,10,ZULMA ESPINOSA MATA,"247,606.13","723,112.38","970,718.51",0.00,0.00,0.00,0.00,0.00,0.00,0.00,0.00,"970,718.51",
"",174,NUEVO LEON,11,MA DE JESUS AGUIRRE MALDONADO,"449,212.27","190,702.54","639,914.81",0.00,0.00,0.00,0.00,0.00,0.00,"24,360.00","24,360.00","664,274.81",
"",175,NUEVO LEON,12,EDGAR ROMO GARCIA,"449,212.27","341,522.55","790,734.82",0.00,"32,314.07","32,314.07",0.00,0.00,0.00,"44,299.54","44,299.54","867,348.43",
"",176,PUEBLA,1,CARLOS BARRAGAN AMADOR,"323,212.27","161,504.04","484,716.31",0.00,0.00,0.00,0.00,0.00,0.00,0.00,0.00,"484,716.31",
"",177,PUEBLA,2,JOSE LORENZO RIVERA SOSA,"323,212.27","292,161.64","615,373.91",0.00,0.00,0.00,0.00,0.00,0.00,0.00,0.00,"615,373.91",
"",178,PUEBLA,3,NANCY DE LA SIERRA ARAMBURO,"323,212.27","173,972.04","497,184.31",0.00,0.00,0.00,0.00,0.00,0.00,0.00,0.00,"497,184.31",
"",179,PUEBLA,4,JOSE OSCAR AGUILAR GONZALEZ,"323,212.27","160,637.64","483,849.91",0.00,0.00,0.00,0.00,0.00,0.00,0.00,0.00,"483,849.91",
"",180,PUEBLA,5,MARIA ANGELICA SALAZAR MARTINEZ,"323,212.27","371,145.87","694,358.14",0.00,0.00,0.00,0.00,0.00,0.00,0.00,0.00,"694,358.14",
"",181,PUEBLA,6,XITLALIC CEJA GARCIA,"323,212.27","426,361.54","749,573.81",0.00,0.00,0.00,0.00,0.00,0.00,0.00,0.00,"749,573.81",
"",182,PUEBLA,7,ALEJANDRO ARMENTA MIER,"323,212.27","293,277.51","616,489.78",0.00,0.00,0.00,0.00,0.00,0.00,0.00,0.00,"616,489.78",
"",183,PUEBLA,8,ARELY AVILA REYES,"323,212.27","192,501.64","515,713.91",0.00,0.00,0.00,0.00,0.00,0.00,0.00,0.00,"515,713.91",
"",184,PUEBLA,9,JUANA IRAIS MALDONADO INFANTE,"173,601.91","352,145.82","525,747.73",0.00,0.00,0.00,0.00,0.00,0.00,0.00,0.00,"525,747.73",
"",185,PUEBLA,10,MATILDE ROLDAN CASTILLO,"323,212.27","259,569.87","582,782.14",0.00,0.00,0.00,0.00,0.00,0.00,0.00,0.00,"582,782.14",
"",186,PUEBLA,11,ELVIA GRACIELA PALOMARES RAMIREZ,"121,606.13","707,372.48","828,978.61",0.00,0.00,0.00,0.00,0.00,0.00,0.00,0.00,"828,978.61",
"",187,PUEBLA,12,VICTOR MANUEL GIORGANA JIMENEZ,"121,606.13","517,099.01","638,705.14",0.00,0.00,0.00,0.00,0.00,0.00,0.00,0.00,"638,705.14",
"",188,PUEBLA,13,JUAN MANUEL CELIS AGUIRRE,"144,971.33","349,867.20","494,838.53",0.00,0.00,0.00,0.00,0.00,0.00,0.00,0.00,"494,838.53",
"",189,PUEBLA,14,CHARBEL JORGE ESTEFAN CHIDIAC,"323,212.27","253,008.56","576,220.83",0.00,0.00,0.00,0.00,0.00,0.00,0.00,0.00,"576,220.83",
"",190,PUEBLA,15,GERALDINE GONZALEZ CERVANTES,"130,877.34","293,192.20","424,069.54",0.00,0.00,0.00,0.00,0.00,0.00,0.00,0.00,"424,069.54",
"",191,PUEBLA,16,EDITH VILLA TRUJILLO,"323,212.27","159,512.64","482,724.91",0.00,0.00,0.00,0.00,0.00,0.00,0.00,0.00,"482,724.91",
"",192,QUERETARO,1,JOSE HUGO CABRERA RUIZ,"323,212.27","257,863.20","581,075.47",0.00,0.00,0.00,0.00,0.00,0.00,0.00,0.00,"581,075.47",
"",193,QUERETARO,2,TANIA PAOLA RUIZ CASTRO,"247,606.10","281,198.96","528,805.06",0.00,0.00,0.00,0.00,0.00,0.00,0.00,0.00,"528,805.06",
"",194,QUERETARO,3,PAUL OSPITAL CARRERA,"323,212.27","204,049.20","527,261.47",0.00,0.00,0.00,0.00,0.00,0.00,0.00,0.00,"527,261.47",
"",195,QUERETARO,4,ISABEL LLAMAS MACIAS,"323,212.27","204,229.20","527,441.47",0.00,0.00,0.00,0.00,0.00,0.00,0.00,0.00,"527,441.47",
"",196,QUINTANA ROO,1,JOSE LUIS TOLEDO MEDINA,"323,212.27","577,923.83","901,136.10",0.00,"71,443.30","71,443.30",0.00,0.00,0.00,"64,300.02","64,300.02","1,036,879.42",
"",197,QUINTANA ROO,2,ARLET MOLGORA GLOVER,"323,212.27","422,466.82","745,679.09",0.00,"8,000.00","8,000.00",0.00,0.00,0.00,"233,962.97","233,962.97","987,642.06",
"",198,QUINTANA ROO,3,REMBERTO ESTRADA BARBA,"121,606.13","554,536.92","676,143.05",0.00,"57,654.84","57,654.84",0.00,0.00,0.00,865.85,865.85,"734,663.74",
"",199,SAN LUIS POTOSI,1,RUTH NOEMI TISCAREÑO AGOITIA,"323,212.27","231,304.66","554,516.93",0.00,0.00,0.00,0.00,0.00,0.00,"12,373.00","12,373.00","566,889.93",
"",200,SAN LUIS POTOSI,2,PAULINA CASTELO CAMPOS,"323,212.27","236,349.05","559,561.32",500.00,"17,600.00","18,100.00",0.00,0.00,0.00,"30,000.00","30,000.00","607,661.32",
"",201,SAN LUIS POTOSI,3,FABIOLA GUERRERO AGUILAR,"323,212.27","338,841.84","662,054.11",0.00,0.00,0.00,0.00,0.00,0.00,"76,560.00","76,560.00","738,614.11",
"",202,SAN LUIS POTOSI,4,CANDIDO OCHOA ROJAS,"121,606.13","435,679.48","557,285.61",0.00,"26,745.41","26,745.41",0.00,0.00,0.00,"26,400.00","26,400.00","610,431.02",
"",203,SAN LUIS POTOSI,5,MARIANELA VILLANUEVA PONCE,"121,606.13","407,090.36","528,696.49",0.00,"24,000.00","24,000.00",0.00,0.00,0.00,"39,755.00","39,755.00","592,451.49",
"",204,SAN LUIS POTOSI,6,YVETT SALAZAR TORRES,"121,606.13","568,738.97","690,345.10",0.00,0.00,0.00,0.00,0.00,0.00,0.00,0.00,"690,345.10",
"",205,SAN LUIS POTOSI,7,CHRISTIAN JOAQUIN SANCHEZ SANCHEZ,"323,212.27","215,391.45","538,603.72",0.00,"34,007.50","34,007.50",0.00,0.00,0.00,0.00,0.00,"572,611.22",
"",206,SINALOA,1,GLORIA HIMELDA FELIX NIEBLA,"449,212.27","242,488.32","691,700.59",0.00,"42,536.17","42,536.17",0.00,0.00,0.00,"11,242.00","11,242.00","745,478.76",
"",207,SINALOA,2,BERNARDINO ANTELO ESPER,"449,212.27","365,922.71","815,134.98",0.00,0.00,0.00,0.00,0.00,0.00,"37,428.80","37,428.80","852,563.78",
"",208,SINALOA,3,EVELIO PLATA INZUNZA,"449,212.27","339,222.79","788,435.06",0.00,0.00,0.00,0.00,0.00,0.00,"67,529.80","67,529.80","855,964.86",
"",209,SINALOA,4,DIANA ARMENTA ARMENTA,"449,212.27","274,826.80","724,039.07",0.00,0.00,0.00,0.00,0.00,0.00,"56,966.16","56,966.16","781,005.23",
"",210,SINALOA,5,RICARDO HERNANDEZ GUERRERO,"449,212.27","431,253.26","880,465.53",0.00,"36,192.00","36,192.00",0.00,0.00,0.00,"43,285.08","43,285.08","959,942.61",
"",211,SINALOA,6,GERMAN ESCOBAR MANJARREZ,"449,212.27","250,326.10","699,538.37",0.00,"31,482.10","31,482.10",0.00,0.00,0.00,"24,439.72","24,439.72","755,460.19",
"",212,SINALOA,7,ROSA ELENA MILLAN BUENO,"449,212.27","462,365.41","911,577.68",0.00,"39,146.84","39,146.84",0.00,0.00,0.00,"18,736.67","18,736.67","969,461.19",
"",213,SINALOA,8,QUIRINO ORDAZ COPPEL,"247,606.13","627,734.13","875,340.26",0.00,0.00,0.00,0.00,0.00,0.00,"71,402.22","71,402.22","946,742.48",
"",214,SONORA,1,DELIA MURRIETA LOPEZ,"323,212.27","207,703.68","530,915.95",0.00,0.00,0.00,0.00,0.00,0.00,0.00,0.00,"530,915.95",
"",215,SONORA,2,GUADALUPE ADELA GRACIA BENITEZ,"474,212.27","150,970.36","625,182.63",0.00,"19,999.99","19,999.99",0.00,0.00,0.00,0.00,0.00,"645,182.62",
"",216,SONORA,3,GUSTAVO ADOLFO CLAUSEN IBERRI,"121,606.13","344,802.88","466,409.01",0.00,0.00,0.00,0.00,0.00,0.00,0.00,0.00,"466,409.01",
"",217,SONORA,4,SUSANA CORELLA PLATT,"323,212.27","145,543.36","468,755.63",0.00,0.00,0.00,0.00,0.00,0.00,"24,000.00","24,000.00","492,755.63",
"",218,SONORA,5,HECTOR ULISES CRISTOPULOS RIOS,"428,212.27","390,308.94","818,521.21",0.00,0.00,0.00,0.00,0.00,0.00,"51,052.00","51,052.00","869,573.21",
"",219,SONORA,6,ABEL MURRIETA GUTIERREZ,"392,212.27","183,615.36","575,827.63",0.00,0.00,0.00,0.00,0.00,0.00,"47,809.60","47,809.60","623,637.23",
"",220,SONORA,7,PROSPERO MANUEL IBARRA OTERO,"323,212.27","332,627.25","655,839.52",0.00,"21,396.20","21,396.20",0.00,0.00,0.00,"18,837.80","18,837.80","696,073.52",
"",221,VERACRUZ,1,SOFIA DEL SAGRARIO DE LEON MAZA,"323,212.27","238,199.18","561,411.45",0.00,0.00,0.00,0.00,0.00,0.00,0.00,0.00,"561,411.45",
"",222,VERACRUZ,2,MARIA DEL CARMEN PINETE VARGAS,"323,212.27","173,078.96","496,291.23",0.00,0.00,0.00,0.00,0.00,0.00,0.00,0.00,"496,291.23",
"",223,VERACRUZ,3,ALBERTO SILVA RAMOS,"323,212.27","190,426.21","513,638.48",0.00,0.00,0.00,0.00,0.00,0.00,0.00,0.00,"513,638.48",
"",224,VERACRUZ,4,LUZ CAROLINA GUDIÑO CORRO,"206,606.13","631,460.40","838,066.53",0.00,0.00,0.00,0.00,0.00,0.00,0.00,0.00,"838,066.53",
"",225,VERACRUZ,5,VICTOR MANUEL SALAS LIMA,"323,212.27","343,969.64","667,181.91",0.00,0.00,0.00,0.00,0.00,0.00,0.00,0.00,"667,181.91",
"",226,VERACRUZ,6,HEIDI SALAZAR ESPINOSA,"323,212.27","219,057.95","542,270.22",0.00,0.00,0.00,0.00,0.00,0.00,0.00,0.00,"542,270.22",
"",227,VERACRUZ,7,EDGAR SPINOSO CARRERA,"121,606.13","466,567.67","588,173.80",0.00,0.00,0.00,0.00,0.00,0.00,0.00,0.00,"588,173.80",
"",228,VERACRUZ,8,ADOLFO MOTA HERNANDEZ,"323,212.27","291,794.49","615,006.76",0.00,0.00,0.00,0.00,0.00,0.00,0.00,0.00,"615,006.76",
"",229,VERACRUZ,9,NOEMI ZOILA GUZMAN LAGUNES,"323,212.27","216,359.42","539,571.69",0.00,0.00,0.00,0.00,0.00,0.00,0.00,0.00,"539,571.69",
"",230,VERACRUZ,10,ELIZABETH MORALES GARCIA,"323,212.27","427,521.37","750,733.64",0.00,0.00,0.00,0.00,0.00,0.00,0.00,0.00,"750,733.64",
"",231,VERACRUZ,11,LEANDRO RAFAEL GARCIA BRINGAS,"323,212.27","485,482.03","808,694.30",0.00,0.00,0.00,0.00,0.00,0.00,0.00,0.00,"808,694.30",
"",232,VERACRUZ,12,ANILU INGRAM VALLINES,"323,212.27","493,526.84","816,739.11",0.00,0.00,0.00,0.00,0.00,0.00,0.00,0.00,"816,739.11",
"",233,VERACRUZ,13,MIGUEL ANGEL SEDAS CASTRO,"121,606.13","306,429.92","428,036.05",0.00,0.00,0.00,0.00,0.00,0.00,0.00,0.00,"428,036.05",
"",234,VERACRUZ,14,JOSE LUIS SAENZ SOTO,"323,212.27","235,217.38","558,429.65",0.00,0.00,0.00,0.00,0.00,0.00,0.00,0.00,"558,429.65",
"",235,VERACRUZ,15,FIDEL KURI GRAJALES,"323,212.27","413,926.72","737,138.99",0.00,0.00,0.00,0.00,0.00,0.00,0.00,0.00,"737,138.99",
"",236,VERACRUZ,16,MARCO ANTONIO AGUILAR YUNES,"323,212.27","370,819.15","694,031.42",0.00,0.00,0.00,0.00,0.00,0.00,0.00,0.00,"694,031.42",
"",237,VERACRUZ,17,ANTONIO TAREK ABDALA SAAD,"323,212.27","417,801.93","741,014.20",0.00,0.00,0.00,0.00,0.00,0.00,0.00,0.00,"741,014.20",
"",238,VERACRUZ,18,LILLIAN ZEPAHUA GARCIA,"323,212.27","183,300.13","506,512.40",0.00,0.00,0.00,0.00,0.00,0.00,0.00,0.00,"506,512.40",
"",239,VERACRUZ,19,JORGE ALEJANDRO CARVALLO DELFIN,"323,212.27","194,053.85","517,266.12",0.00,0.00,0.00,0.00,0.00,0.00,0.00,0.00,"517,266.12",
"",240,VERACRUZ,20,ERICK ALEJANDRO LAGOS HERNANDEZ,"323,212.27","173,154.56","496,366.83",0.00,0.00,0.00,0.00,0.00,0.00,0.00,0.00,"496,366.83",
"",241,VERACRUZ,21,CIRILO VAZQUEZ PARISSI,"121,606.13","257,334.48","378,940.61",0.00,0.00,0.00,0.00,0.00,0.00,0.00,0.00,"378,940.61",
"",242,YUCATAN,1,LIBORIO VIDAL AGUILAR,"449,212.27","310,785.40","759,997.67",0.00,0.00,0.00,0.00,0.00,0.00,"12,751.00","12,751.00","772,748.67",
"",243,YUCATAN,2,LUCELY DEL PERPETUO SOCORRO ALPIZAR CAR,"ILL4O49,212.27","415,666.09","864,878.36",0.00,0.00,0.00,0.00,0.00,0.00,0.00,0.00,"864,878.36",
"",244,YUCATAN,3,PABLO GAMBOA MINER,"449,212.27","484,047.93","933,260.20",0.00,"7,372.77","7,372.77",0.00,0.00,0.00,0.00,0.00,"940,632.97",
"",245,YUCATAN,4,FRANCISCO ALBERTO TORRES RIVAS,"322,906.13","446,514.77","769,420.90",0.00,0.00,0.00,0.00,0.00,0.00,0.00,0.00,"769,420.90",
"",246,YUCATAN,5,FELIPE CERVERA HERNANDEZ,"449,212.27","347,845.99","797,058.26",0.00,0.00,0.00,0.00,0.00,0.00,0.00,0.00,"797,058.26",
"",247,ZACATECAS,1,BENJAMIN MEDRANO QUEZADA,"323,212.27","373,269.30","696,481.57",0.00,0.00,0.00,0.00,0.00,0.00,"78,936.80","78,936.80","775,418.37",
"",248,ZACATECAS,2,FRANCISCO ESCOBEDO VILLEGAS,"323,212.27","362,984.47","686,196.74",0.00,0.00,0.00,0.00,0.00,0.00,"76,050.00","76,050.00","762,246.74",
"",249,ZACATECAS,3,CLAUDIA EDITH ANAYA MOTA,"323,212.27","432,299.84","755,512.11",0.00,0.00,0.00,0.00,0.00,0.00,"39,134.00","39,134.00","794,646.11",
"",250,ZACATECAS,4,ARACELI GUERRERO ESQUIVEL,"323,212.27","326,141.49","649,353.76",0.00,0.00,0.00,0.00,0.00,0.00,"20,000.00","20,000.00","669,353.76",
"",,TOTAL,,,"78,732,511.03","92,876,523.65","171,609,034.68","10,500.00","1,989,457.51","1,999,957.51",388.65,388.65,0.00,"4,407,788.31","4,407,788.31","178,017,169.15",
