AGUASCALIENTES,1 – JESUS MARIA,MARTINEZ BALLIN RUBEN,0,0,150000,423565.84,0,9471,0,0,0,0,13.39,0,0,583050.23
AGUASCALIENTES,2 - AGUASCALIENTES,ESTRADA ESCOBEDO OSCAR SALVADOR,150000,0,0,423565.84,0,9471,0,4640,0,66701.11,50.21,0,161.05,654589.21
AGUASCALIENTES,3 - AGUASCALIENTES,VEGA SANDOVAL SILVIA PATRICIA,0,0,150000,423565.84,0,0,0,59252,0,0,12.32,0,0,632830.16
BAJA CALIFORNIA,1 - MEXICALI,SERRANO RIVAS EDUARDO RUBEN,0,0,150000,449920.01,13360,0,0,0,0,37680,2.4,0,0,650962.41
BAJA CALIFORNIA,2 - MEXICALI,NAVARRO GUTIERREZ VICTOR HUGO,0,0,150000,438320.01,0,0,0,0,0,8480,14.88,0,0,596814.89
BAJA CALIFORNIA,3 - ENSENADA,PEREZ ALDACO REYNA ENGRACIA,0,0,150000,449920.01,0,0,20000,0,5000,71200,7.4,0,223.82,696351.23
BAJA CALIFORNIA,4 - TIJUANA,HAROS ENCINAS HECTOR,0,0,150000,449920.01,0,10500,0,0,0,0,12.16,0,0,610432.17
BAJA CALIFORNIA,5 - TIJUANA,CASILLAS RIVERA MARIBEL IVETTE,0,0,100000,449920.01,0,5500,0,0,0,50000,2.8,3.13,0,605425.94
BAJA CALIFORNIA,6 - TIJUANA,SANCHEZ GONZALEZ VICTOR MANUEL,0,0,150000,449920.01,0,0,0,0,0,0,6.67,0,0,599926.68
BAJA CALIFORNIA,7 - MEXICALI,LOPEZ LERMA ALMA LORENA,0,0,150000,449920.01,0,0,0,0,0,18400,9.8,0,0,618329.81
BAJA CALIFORNIA,8 - TIJUANA,VITELA CEJA LAURA ELENA,0,0,150000,449920.01,0,0,0,0,0,18400,4.71,0,0,618324.72
BAJA CALIFORNIA SUR,1 - MULEGE,VILLARREAL GARZA ROSA MARIA,COALICIÃ“N DE IZQUIERDA PROGRESISTA,,,,,,,,,,,,,
BAJA CALIFORNIA SUR,2 - LA PAZ,PORRAS DOMINGUEZ ALFREDO,COALICIÃ“N DE IZQUIERDA PROGRESISTA,,,,,,,,,,,,,
CAMPECHE,1 - CAMPECHE,ARCEO CASTILLO GUILLERMINA DEL SOCORRO,0,0,150000,498837.01,0,16397.3,0,0,0,800,2.86,0,88.8,666125.97
CAMPECHE,2 - CARMEN,SOLA FARIAS ARNALDO,0,0,150000,498837.01,0,0,0,0,0,13117.84,2.17,0,28.49,661985.51
COAHUILA,1 - PIEDRAS NEGRAS,MEDINA DE LA CRUZ MARIO JAVIER,100000,0,50000,429099.18,0,0,0,0,0,3500,2.8,0,0,582601.98
COAHUILA,2 - SAN PEDRO,AYALA MALDONADO JUAN MANUEL,0,0,150000,429099.18,0,0,0,8444.8,0,0,4.72,0,0,587548.7
COAHUILA,3 - MONCLOVA,FLORES GONZALEZ PATSY ABIGAIL,0,0,150000,429099.18,0,0,0,0,0,0,0,0,0,579099.18
COAHUILA,4 - SALTILLO,RAMIREZ PINEDA CLAUDIA ISELA,0,0,150000,429099.18,0,0,0,0,0,72815.25,6.51,0,0,651920.94
COAHUILA,5 - TORREON,ZARZOSA GARZA JOSE DE JESUS,0,0,150000,429099.18,0,0,0,0,0,23600,90.21,0,0,602789.39
COAHUILA,6 - TORREON,ESTRADA MACIAS MARIA ELIZABETH,0,0,150000,429099.18,0,0,0,0,0,60400,3.93,0,0,639503.11
COAHUILA,7 - SALTILLO,SILLER PUENTE JOSE ANGEL,0,0,150000,429099.18,0,0,0,0,0,31000,11,0,0,610110.18
COLIMA,1 - COLIMA,VIZCAINO SILVA INDIRA,0,0,150000,430313.29,68000,18400,300000,0,0,28302.3,33.42,0,0,995049.01
COLIMA,2 - MANZANILLO,BOLAÃ‘OS RODRIGUEZ CRISTIAN EDUARDO,0,0,150000,616701.05,0,0,0,0,0,18400,23.18,0,0.08,785124.31
CHIAPAS,1 - PALENQUE,GARCIA MANUEL HILARIO,0,0,150000,422032.08,0,0,0,0,0,0,13.28,0,0,572045.36
CHIAPAS,2 - BOCHIL,GOMEZ MAYORGA FRANCISCO,0,0,150000,422032.08,0,0,0,0,0,0,12.73,0,0,572044.81
CHIAPAS,3 - OCOSINGO,ZUÃ‘IGA TORRES HORTENCIA,0,0,150000,422032.08,0,0,0,0,0,66400,14.97,0,0,638447.05
CHIAPAS,4 - OCOZOCOAUTLA D,A ELASMPIINLLOAS GAAVILLA ARIDAI,0,0,150000,422032.08,0,0,0,0,0,0,28.53,0,0,572060.61
CHIAPAS,5 - SAN CRISTOBAL D,ALRAESL CLASNAOS MORALES CESAR AUGUSTO,0,0,150000,422032.08,0,0,0,0,0,0,4.7,0,0,572036.78
CHIAPAS,6 - TUXTLA GUTIERRE,CABRERA ZETINA MARCELA,0,0,150000,422032.08,0,0,0,0,0,88200,6.84,0,0,660238.92
CHIAPAS,7 - TONALA,AGUILAR JIMENEZ ANEL,0,0,150000,422032.08,0,0,0,0,0,1200,11.44,0,0,573243.52
CHIAPAS,8 - COMITAN DE DOMI,MGEUREIZDA ALTUZAR CONCEPCION,0,0,150000,422032.08,0,0,0,52000,0,47200,8.07,0,0,671240.15
CHIAPAS,9 - TUXTLA GUTIERRE,SORIANO RUIZ ALEJANDRA,0,0,150000,422032.08,0,0,0,0,48000,0,7.14,0,0,620039.22
CHIAPAS,10 - VILLAFLORES,RAMOS CASTELLLANOS MARTIN,0,0,150000,422032.08,0,0,0,0,0,0,5.87,0,0,572037.95
CHIAPAS,11 - HUIXTLA,OSORIO ESPINOSA SARAIN,0,0,150000,422032.08,200,0,0,0,0,28000,4.69,0,0,600236.77
CHIAPAS,12 - TAPACHULA,ZAMORA DIAZ JOSE ALBERTO,0,0,150000,422032.08,0,0,0,0,0,0,9.21,0,0,572041.29
CHIHUAHUA,1 - JUAREZ,ESPEJO ALVIDRES GRACIELA,0,0,150000,458723.01,0,0,0,0,0,0,0,0,14.86,608737.87
CHIHUAHUA,2 - JUAREZ,DE LA CRUZ REYES JULIO CESAR,0,0,150000,458723.01,0,0,0,0,0,40083.6,0,0,3.36,648809.97
CHIHUAHUA,3 - JUAREZ,BARRERA GUERRERO MARIA ESTELA LUCIA,0,0,150000,458723.01,0,0,0,0,0,0,0,0,382.97,609105.98
CHIHUAHUA,4 - JUAREZ,FRIAS CALDERON JOSE,0,0,150000,458723.01,0,15168.6,0,0,0,24982.8,0,0,11.19,648885.6
CHIHUAHUA,5 - DELICIAS,DOMINGUEZ JIMENEZ LUIS ALBERTO,0,0,150000,458723.01,0,68000,0,0,0,7000,0,2871,112.75,686706.76
CHIHUAHUA,6 - CHIHUAHUA,ESPINOZA ORDAZ PAOLA ADRIANA,0,0,150000,458723.01,0,46571.1,0,0,0,0,0,0,5.18,655299.29
CHIHUAHUA,7 - CUAUHTEMOC,MARQUEZ SOTELO JESUS MANUEL,0,0,150000,458723.01,0,0,0,23906,0,14000,4.7,0,696.36,647330.07
CHIHUAHUA,8 - CHIHUAHUA,MARTINEZ VILLA ABRIL BERENICE,0,0,150000,458723.01,0,0,0,0,0,0,0.1,2960.32,12.46,611695.89
CHIHUAHUA,9 - HIDALGO DEL PAR,RALICO RAMOS SILVIA,0,0,150000,458723.01,0,0,0,0,0,17753.4,0,0,10.13,626486.54
DISTRITO FEDERAL,1 - GUSTAVO A. MADE,MOARTINEZ URINCHO ALBERTO,COALICIÃ“N DE IZQUIERDA PROGRESISTA,,,,,,,,,,,,,
DISTRITO FEDERAL,2 - GUSTAVO A. MADE,SOARABIA REYES VERONICA,COALICIÃ“N DE IZQUIERDA PROGRESISTA,,,,,,,,,,,,,
DISTRITO FEDERAL,3 - AZCAPOTZALCO,VELAZQUEZ ALZUA LAURA,COALICIÃ“N DE IZQUIERDA PROGRESISTA,,,,,,,,,,,,,
DISTRITO FEDERAL,4 - IZTAPALAPA,MORALES LOPEZ EFRAIN,COALICIÃ“N DE IZQUIERDA PROGRESISTA,,,,,,,,,,,,,
DISTRITO FEDERAL,5 - TLALPAN,CALCANEO MONTS MAURICIO AUGUSTO,COALICIÃ“N DE IZQUIERDA PROGRESISTA,,,,,,,,,,,,,
DISTRITO FEDERAL,6 - GUSTAVO A. MADE,ROIOS GARZA RICARDO,COALICIÃ“N DE IZQUIERDA PROGRESISTA,,,,,,,,,,,,,
DISTRITO FEDERAL,7 - GUSTAVO A. MADE,VOILLA GONZALEZ ISAIAS,COALICIÃ“N DE IZQUIERDA PROGRESISTA,,,,,,,,,,,,,
DISTRITO FEDERAL,8 - CUAUHTEMOC,FERNANDEZ ROMERO CLAUDIA,COALICIÃ“N DE IZQUIERDA PROGRESISTA,,,,,,,,,,,,,
DISTRITO FEDERAL,9 - VENUSTIANO CAR,APNAZRARA ALVAREZ EVELYN,COALICIÃ“N DE IZQUIERDA PROGRESISTA,,,,,,,,,,,,,
DISTRITO FEDERAL,10 - MIGUEL HIDALGO,CANDIA ORTEGA EVARISTO ROBERTO,COALICIÃ“N DE IZQUIERDA PROGRESISTA,,,,,,,,,,,,,
DISTRITO FEDERAL,11 - VENUSTIANO CA,RHAENRZNAANDEZ SORIANO RAFAEL,COALICIÃ“N DE IZQUIERDA PROGRESISTA,,,,,,,,,,,,,
DISTRITO FEDERAL,12 - CUAUHTEMOC,TORRES PEREZ AGUSTIN,COALICIÃ“N DE IZQUIERDA PROGRESISTA,,,,,,,,,,,,,
DISTRITO FEDERAL,13 - IZTACALCO,ORDOÃ‘EZ HERNANDEZ DANIEL,COALICIÃ“N DE IZQUIERDA PROGRESISTA,,,,,,,,,,,,,
DISTRITO FEDERAL,14 - TLALPAN,HERNANDEZ MIRON CARLOS,COALICIÃ“N DE IZQUIERDA PROGRESISTA,,,,,,,,,,,,,
DISTRITO FEDERAL,15 - BENITO JUAREZ,OLIVOS SANTOYO CECILIA DEL CARMEN,COALICIÃ“N DE IZQUIERDA PROGRESISTA,,,,,,,,,,,,,
DISTRITO FEDERAL,16 - ALVARO OBREGO,ALMARAZ DOMINGUEZ MARTHA LAURA,COALICIÃ“N DE IZQUIERDA PROGRESISTA,,,,,,,,,,,,,
DISTRITO FEDERAL,17 - ALVARO OBREGO,ROBLES COLIN TERESA,COALICIÃ“N DE IZQUIERDA PROGRESISTA,,,,,,,,,,,,,
DISTRITO FEDERAL,18 - IZTAPALAPA,SANTANA ALFARO ARTURO,COALICIÃ“N DE IZQUIERDA PROGRESISTA,,,,,,,,,,,,,
DISTRITO FEDERAL,19 - IZTAPALAPA,OJEDA ANGUIANO JERONIMO ALEJANDRO,COALICIÃ“N DE IZQUIERDA PROGRESISTA,,,,,,,,,,,,,
DISTRITO FEDERAL,20 - IZTAPALAPA,DORANTES YEDRA GUILLERMO,COALICIÃ“N DE IZQUIERDA PROGRESISTA,,,,,,,,,,,,,
DISTRITO FEDERAL,21 - XOCHIMILCO,MEJIA DELGADO JUAN GABRIEL,COALICIÃ“N DE IZQUIERDA PROGRESISTA,,,,,,,,,,,,,
DISTRITO FEDERAL,22 - IZTAPALAPA,CARRERA HERNANDEZ ANA LETICIA,COALICIÃ“N DE IZQUIERDA PROGRESISTA,,,,,,,,,,,,,
,,,,,,,,,,,,,,,,
DISTRITO FEDERAL,23 - COYOACAN,MONTIEL REYES ARIADNA,COALICIÃ“N DE IZQUIERDA PROGRESISTA,,,,,,,,,,,,,
DISTRITO FEDERAL,24 - COYOACAN,SALDAÃ‘A CHAIREZ MIRIAM,COALICIÃ“N DE IZQUIERDA PROGRESISTA,,,,,,,,,,,,,
DISTRITO FEDERAL,25 - IZTAPALAPA,HERNANDEZ SOLIS MA. ANGELINA,COALICIÃ“N DE IZQUIERDA PROGRESISTA,,,,,,,,,,,,,
DISTRITO FEDERAL,26 - LA MAGDALENA C,VNILTLRAERRRAESAL CANTU ERNESTO,COALICIÃ“N DE IZQUIERDA PROGRESISTA,,,,,,,,,,,,,
DISTRITO FEDERAL,27 - TLAHUAC,MORALES AVILA CRESCENCIO,COALICIÃ“N DE IZQUIERDA PROGRESISTA,,,,,,,,,,,,,
DURANGO,1 - DURANGO,HERNANDEZ HERRERA MICAELA,100000,0,50000,430942.01,0,0,0,0,0,51919.97,5.46,0,0,632867.44
DURANGO,2 - GOMEZ PALACIO,GONZALEZ CARDOSA MARIANA,COALICIÃ“N DE IZQUIERDA PROGRESISTA,,,,,,,,,,,,,
DURANGO,3 - GUADALUPE VICT,RIAMOS ZEPEDA DAVID,0,0,150000,430942.01,0,0,0,0,0,71712.04,30.66,0,0,652684.71
DURANGO,4 - DURANGO,GONZALEZ YAÃ‘EZ ALEJANDRO,COALICIÃ“N DE IZQUIERDA PROGRESISTA,,,,,,,,,,,,,
GUERRERO,1 - PUNGARABATO,MORA EGUILUZ CELESTE,COALICIÃ“N DE IZQUIERDA PROGRESISTA,,,,,,,,,,,,,
GUERRERO,2 - IGUALA DE LA IND,PBEUNSDTEANMCAINATE ORDUÃ‘O LEA,COALICIÃ“N DE IZQUIERDA PROGRESISTA,,,,,,,,,,,,,
GUERRERO,3 - ZIHUATANEJO DE,ZBUAERTRAIENTOS RIOS RICARDO ANGEL,COALICIÃ“N DE IZQUIERDA PROGRESISTA,,,,,,,,,,,,,
GUERRERO,4 - ACAPULCO DE JUA,LEOZPEZ RODRIGUEZ ABELINA,COALICIÃ“N DE IZQUIERDA PROGRESISTA,,,,,,,,,,,,,
GUERRERO,5 - TLAPA DE COMON,OWRETNCES REAL VICTORIANO,COALICIÃ“N DE IZQUIERDA PROGRESISTA,,,,,,,,,,,,,
GUERRERO,6 - CHILAPA DE ALVA,EAZYALA MONDRAGON LUISA,COALICIÃ“N DE IZQUIERDA PROGRESISTA,,,,,,,,,,,,,
GUERRERO,7 - CHILPANCINGO DE,LAORSC BORSA CVAOTALAN ALEJANDRO,COALICIÃ“N DE IZQUIERDA PROGRESISTA,,,,,,,,,,,,,
GUERRERO,8 - AYUTLA DE LOS LI,RCEHSAVEZ RENDON OSCAR LUIS,COALICIÃ“N DE IZQUIERDA PROGRESISTA,,,,,,,,,,,,,
GUERRERO,9 - ACAPULCO DE JUA,FEAZRIAS SILVESTRE GERMAN,COALICIÃ“N DE IZQUIERDA PROGRESISTA,,,,,,,,,,,,,
GUANAJUATO,1 - SAN LUIS DE LA PA,COVARRUBIAS SANCHEZ ESTHER ALEJANDRA,0,0,150000,428616.65,0,0,0,0,0,0,9.16,0,8.59,578634.4
GUANAJUATO,2 - SAN MIGUEL DE AL,REONDJAES GUERRERO JANETH,0,0,150000,428616.65,0,0,0,0,0,0,18.1,0,8.33,578643.08
GUANAJUATO,3 - LEON,TORRES REA MA. GUADALUPE,0,0,150000,428616.65,0,0,0,0,0,0,2.31,0,7,578625.96
GUANAJUATO,4 - GUANAJUATO,AZANZA LIERA JOSE GUILLERMO,0,0,150000,428616.65,0,0,0,0,0,28000,0,0,13.21,606629.86
GUANAJUATO,5 - LEON,LARA OLIVARES ROBERTO ENRIQUE,0,0,150000,428616.65,0,0,0,0,0,0,12.57,0,0,578629.22
GUANAJUATO,6 - LEON,REYES LOPEZ ROSAURA,0,0,150000,428616.65,0,0,0,0,0,19000,30.24,0,0,597646.89
GUANAJUATO,7 - SAN FRANCISCO D,CL ARSINTRCO NRIVERA MA TERESA,0,0,150000,428616.65,0,0,0,0,0,0,28.1,0,0,578644.75
GUANAJUATO,8 - SALAMANCA,IBARRA SAUCEDO MOISES,0,0,150000,428616.65,0,18150,0,0,0,9000,36.01,0,0,605802.66
GUANAJUATO,9 - IRAPUATO,VAZQUEZ REYES JOSE VENTURA,0,0,150000,428616.65,0,0,0,0,0,13900,44.56,0,0,592561.21
GUANAJUATO,10 - URIANGATO,JUAREZ ZAMUDIO MARIA TERESITA,0,0,150000,428616.65,0,0,0,0,0,0,48.65,0,0,578665.3
GUANAJUATO,11 - PENJAMO,ZARAGOZA PUGA HUGO CESAR,0,0,150000,428616.65,0,0,0,0,0,8000,27.96,0,0,586644.61
GUANAJUATO,12 - CELAYA,GAXIOLA ROMO MARCO HEROLDO,0,0,170000,428616.65,0,0,12000,0,161000,0,43.33,0,0,771659.98
GUANAJUATO,13 - VALLE DE SANTIA,DOIAZ RAMOS FRANCISCO JAVIER,0,0,150000,428616.65,0,0,0,0,0,0,23,0,0,578639.65
GUANAJUATO,14 - ACAMBARO,CONTRERAS PEREZ CAROLINA,0,0,150000,428616.65,0,24000,0,0,0,0,36.02,0,0,602652.67
HIDALGO,1 - HUEJUTLA DE REY,FSLORES MARTINEZ PABLO,0,0,150000,426591.94,0,80488,0,258245.44,0,1817.31,0,0,16.49,917159.18
HIDALGO,2 - IXMIQUILPAN,SANCHEZ FUENTES ALICIA,0,0,150000,426591.94,0,69561.9,0,0,0,0,0,0,10.86,646164.7
HIDALGO,3 - ACTOPAN,ANGELES GODINEZ ADRIAN,0,0,150000,426591.94,0,0,0,0,0,55800,0,0,12.65,632404.59
HIDALGO,4 - TULANCINGO DE B,VAEVROA MEJIA VANESSA,0,0,150000,426591.94,0,0,0,0,0,0,0,0,22.81,576614.75
HIDALGO,5 - TULA DE ALLENDE,LARIOS SANCHEZ FERNANDO,0,0,150000,426591.94,0,0,0,0,0,0,0,0,21.36,576613.3
HIDALGO,6 - PACHUCA DE SOT,MIRANDA MIRANDA HILDA,0,0,150000,426591.94,0,0,0,0,0,0,0,0,7.79,576599.73
HIDALGO,7 - TEPEAPULCO,SOTO LLAGUNO CESAR ISMAEL,0,0,150000,426591.94,0,13680,0,0,0,24224.43,0,0,14.55,614510.92
JALISCO,1 - TEQUILA,SALINAS MORA JOSE ADRIAN,0,0,150000,429127.56,0,0,0,0,0,0,7.22,0,0,579134.78
JALISCO,2 - LAGOS DE MOREN,RAMIREZ ZAPATA MARIA DEL ROCIO,0,0,150000,429127.56,0,0,0,0,0,0,24.8,0,0,579152.36
JALISCO,3 - TEPATITLAN DE M,RGEALROCSIA MORENO SANDRA,50000,0,100000,429127.56,0,0,0,0,0,0,25.09,0,0,579152.65
JALISCO,4 - ZAPOPAN,GONZALEZ MICHALSKI CARLOS EMILIO,0,0,150000,429127.56,0,0,0,0,0,0,43.82,0,0,579171.38
JALISCO,5 - PUERTO VALLART,SANCHEZ FIGUEROA PAOLA YOLANDA,50000,0,100000,429127.56,0,0,0,0,0,0,16.23,0,0,579143.79
JALISCO,6 - ZAPOPAN,PEREZ URIBE LUZ JANNETTE JOCELYN,0,0,150000,429127.56,0,0,0,0,0,0,12.07,0,0,579139.63
JALISCO,7 - TONALA,ESTRADA GOMEZ GLORIA ELIZABETH,0,0,150000,429127.56,0,0,0,0,0,0,24.91,0,0,579152.47
JALISCO,8 - GUADALAJARA,RIVERA CUEVA MAYRA ARACELI,0,0,150000,429127.56,0,0,0,0,0,0,13.91,0,0,579141.47
JALISCO,9 - GUADALAJARA,VERA MILIAN MARIA AUXILIO,50000,0,100000,429127.56,0,0,0,0,0,0,21.49,0,0,579149.05
JALISCO,10 - ZAPOPAN,"LANCASTER JONES MARTIN DEL CAMPO
BERNARDO",0,0,150000,429127.56,0,0,0,0,0,28000,60.07,0,116,607303.63
JALISCO,11 - GUADALAJARA,MACIAS MARTINEZ ROSA ELIZABETH,0,0,150000,429127.56,0,0,0,0,0,0,12.87,0,0,579140.43
JALISCO,12 - TLAJOMULCO DE,"MARTINEZ APORTELA GERARDO (ANTES
GUUÃ‘EIGRARERO FAUSTO JUAN CARLOS)",0,0,150000,429127.56,0,0,0,0,0,0,42.62,0,0,579170.18
JALISCO,13 - GUADALAJARA,PAEZ CALVILLO VICTOR MANUEL,0,0,150000,429127.56,0,0,0,0,0,0,14.08,0,0,579141.64
JALISCO,14 - GUADALAJARA,BEJARANO LANGARICA DIANA,0,0,150000,429127.56,0,0,0,0,0,0,20.38,0,0,579147.94
JALISCO,15 - LA BARCA,NAPOLES FRANCO DIEGO,0,0,150000,429127.56,0,0,0,0,0,0,24.69,0,0,579152.25
JALISCO,16 - SAN PEDRO TLAQ,BEAPRABQAU SEANCHEZ CESAR EDUARDO,0,0,150000,429127.56,0,0,0,0,0,0,7.25,0,19.96,579154.77
JALISCO,17 - JOCOTEPEC,ANGUIANO RODRIGUEZ SILVIA,0,0,150000,429127.56,0,0,0,0,0,0,12.71,0,0,579140.27
JALISCO,18 - AUTLAN DE NAVA,VREOLASCO MEDINA MARIA AURORA,0,0,150000,429127.56,0,0,0,0,0,0,26.81,0,0,579154.37
JALISCO,19 - ZAPOTLAN EL GR,DNEDLEGADO DIAZ LILIA DE JESUS,0,0,150000,429127.56,0,0,0,0,0,23000,25.52,0,0,602153.08
MEXICO,1 - JILOTEPEC,SANCHEZ MONDRAGON MIRIAM JOSELINE,50000,0,100000,425520.36,0,4400,0,14839,0,9700,4.04,0,0,604463.4
MEXICO,2 - TEOLOYUCAN,LOPEZ ZUÃ‘IGA ROSA MARIA,50000,0,100000,425520.36,0,0,1040,18000,0,5000,0,0,0,599560.36
MEXICO,3 - ATLACOMULCO,ORTIZ MARTINEZ MAGDALENO ANTONIO,50000,0,100000,425520.36,0,0,0,0,0,0,37.28,0,0,575557.64
MEXICO,4 - NICOLAS ROMERO,CARRERA ROSAS MERCEDES,50000,0,100000,425520.36,0,0,0,138203.35,0,4492.7,17.35,0,0,718233.76
MEXICO,5 - TEOTIHUACAN,VAZQUEZ RUIZ JOSE,50000,0,100000,425520.36,0,0,0,33405.6,0,0,9.93,0,0,608935.89
MEXICO,6 - COACALCO DE BE,RHIEORZNAABNADLEZ MARQUEZ EDGAR ADRIAN,0,0,150000,425520.36,0,0,45000,269595.5,0,17354.19,32.89,0,0,907502.94
MEXICO,7 - CUAUTITLAN IZCAL,RI IVAS ESPINOSA SARA,0,0,150000,425520.36,6000,0,0,0,0,3500,21.92,0,0.74,585043.02
MEXICO,8 - TULTITLAN,MARTINEZ TORRES EDNA ARIADNA,0,0,150000,425520.36,18000,5761.73,33500,146615.18,14250,2638.45,10.93,0,0,796296.65
,,,,,,,,,,,,,,,,
MEXICO,9 - IXTLAHUACA,HERNANDEZ CARRILLO MIGUEL,0,0,150000,425520.36,0,0,0,0,0,0,12.99,0,0,575533.35
MEXICO,10 - ECATEPEC DE M,RGEALROCSIA ESPARZA SUSANA ROBERTA,0,0,150000,425520.36,0,0,66550,0,55000,0,10.96,0,0,697081.32
MEXICO,11 - ECATEPEC DE M,RJEIMLEONSEZ TREJO JOSE JUAN,0,0,150000,425520.36,0,0,13920,0,0,0,7.69,0,0,589448.05
MEXICO,12 - IXTAPALUCA,PADILLA DIAZ LEOBARDO,0,0,150000,425520.36,0,0,4400,5750,10000,76339.08,9.75,0,0,672019.19
MEXICO,13 - ECATEPEC DE M,RGEOLMOESZ VERGARA MAXIMINO,0,0,150000,425520.36,0,8000,0,68300,0,44578,9.23,0,0,696407.59
MEXICO,14 - ATIZAPAN DE ZAR,MGEOZZAA MONTERO JOSE DANIEL,0,0,150000,425520.36,0,0,214000,0,0,0,51.28,0,0,789571.64
MEXICO,15 - TLALNEPANTLA D,M BUAÃ‘ZOZ MIRANDA MARCELA,0,0,100000,520176.36,0,0,0,0,2000,0,11.42,0,0,622187.78
MEXICO,16 - ECATEPEC DE M,RNEALVOAS LOPEZ ITZE LIZBETH,0,0,150000,425520.36,0,0,0,139200,0,0,16.66,0,0,714737.02
MEXICO,17 - ECATEPEC DE M,RMEELNODSEZ BELLO MIREYA DE LOS ANGELES,0,0,150000,425520.36,723000,0,76300,225314,76000,0,14.29,0,0,1676148.65
MEXICO,18 - HUIXQUILUCAN,PEREZ COLIN MARIA YAJAIRA,0,0,150000,425520.36,0,0,0,0,0,0,23.57,0,0,575543.93
MEXICO,19 - TLALNEPANTLA D,M BEANZDOZA AYALA RUBEN,0,0,155100,425520.36,0,0,0,0,0,42000,0,0,0,622620.36
MEXICO,20 - NEZAHUALCOYOT,SANTIAGO LOPEZ JOSE,0,0,150000,425520.36,0,0,240000,0,209000,13887,98.5,0,0,1038505.86
MEXICO,21 - NAUCALPAN DE J,ARZEAZTE FLORES JOSE ANTONIO,0,0,150000,425520.36,0,0,0,4222.4,0,1833,2.91,0,0,581578.67
MEXICO,22 - NAUCALPAN DE J,VAERGEAZ ARRIAGA JOSE LUIS,0,0,150000,425520.36,0,0,0,0,0,0,-4.29,0,0,575516.07
MEXICO,23 - VALLE DE BRAVO,CHAVARRIA MARTINEZ DULCE MARIA,0,0,100000,425520.36,0,0,0,0,0,0,34.48,0,0,525554.84
MEXICO,24 - NAUCALPAN DE J,LAARREAZ VAZQUEZ ANTONIO,0,0,150000,425520.36,0,0,0,0,0,0,7.6,0,0,575527.96
MEXICO,25 - CHIMALHUACAN,NORIEGA GONZALEZ ABRAHAM,0,0,150000,425520.36,0,0,0,0,0,0,6.62,0,0,575526.98
MEXICO,26 - TOLUCA,RUIZ AGUILAR MARIA EUGENIA,0,0,150000,425520.36,0,0,0,0,0,0,9.9,0,0,575530.26
MEXICO,27 - METEPEC,GONZALEZ CASTAÃ‘EDA AMELIA,0,0,150000,425520.36,5000,25752,0,0,0,47180,9.24,0,0,653461.6
MEXICO,28 - ZUMPANGO,VALDEZ GALINDO ADRIAN,0,0,150000,425520.36,0,0,0,0,0,142310,21.22,0,0,717851.58
MEXICO,29 - NEZAHUALCOYOT,CATALAN PADILLA OLGA,0,0,150000,425520.36,0,0,427500,0,0,60642.24,86.56,0,0,1063749.16
MEXICO,30 - NEZAHUALCOYOT,GARCIA CALDERON DAVID GERSON,0,0,150000,425520.36,0,0,409276,0,300,31642.24,67.39,0,0,1016805.99
MEXICO,31 - NEZAHUALCOYOT,SOTO ESPINO ARMANDO,0,0,150000,425520.36,0,0,0,85188,32050,0,14.05,0,0,692772.41
MEXICO,32 - VALLE DE CHALC,L SUONLAID MAURNIDGAUDIA RICARDO,0,0,150000,425520.36,0,0,0,0,0,0,15.92,0,0,575536.28
MEXICO,33 - CHALCO,LUNA GALICIA MONICA ESMERALDA,0,0,200000,425520.36,0,-27149.8,10000,0,30000,57987.28,28.34,0,0,696386.18
MEXICO,34 - TOLUCA,GUTIERREZ RAMIREZ EYMAR JAVIER,0,0,150000,425520.36,0,0,0,0,0,0,0,0,0,575520.36
MEXICO,35 - TENANCINGO,IBARRA ARMENDARIZ ROBERTA,0,0,150000,425520.36,0,0,0,28650,0,42319.95,4.68,0,0,646494.99
MEXICO,36 - TEJUPILCO,BENITEZ GREGORIO LEONARDO,0,0,150000,425520.36,0,18254.66,37000,27965,246000,60.32,21.67,0,0,904822.01
MEXICO,37 - CUAUTITLAN,UGARTE SANCHEZ DULCE MARIA,0,0,150000,425520.36,0,-49999.99,0,49999.99,0,67999.99,24.03,0,0,643544.38
MEXICO,38 - TEXCOCO,HERNANDEZ ESTRADA ADRIANA,0,0,150000,425520.36,0,0,0,0,0,15000,15.81,0,0,590536.17
MEXICO,39 - LA PAZ,MERLOS ESCUTIA TOMAS,0,0,150000,425520.36,0,0,110000,0,118500,0,63.95,0,0,804084.31
MEXICO,40 - ZINACANTEPEC,BERNAL GONZALEZ LETICIA,0,0,150000,425520.36,0,0,0,0,0,22841.59,2.33,0,0,598364.28
MICHOACAN,1 - LAZARO CARDENA,CAMPOS DIAZ MA. CRUZ,COALICIÃ“N DE IZQUIERDA PROGRESISTA,,,,,,,,,,,,,
MICHOACAN,2 - PURUANDIRO,JUAREZ BLANQUET ERIK,COALICIÃ“N DE IZQUIERDA PROGRESISTA,,,,,,,,,,,,,
MICHOACAN,3 - ZITACUARO,PAREDES CORREA CARLOS ALBERTO,COALICIÃ“N DE IZQUIERDA PROGRESISTA,,,,,,,,,,,,,
MICHOACAN,4 - JIQUILPAN,MORA CIPRES FRANCISCO,COALICIÃ“N DE IZQUIERDA PROGRESISTA,,,,,,,,,,,,,
MICHOACAN,5 - ZAMORA,MORA ALVAREZ BEATRIZ,COALICIÃ“N DE IZQUIERDA PROGRESISTA,,,,,,,,,,,,,
MICHOACAN,6 - HIDALGO,MARTINEZ SOTO NORBERTO ANTONIO,COALICIÃ“N DE IZQUIERDA PROGRESISTA,,,,,,,,,,,,,
MICHOACAN,7 - ZACAPU,HERNANDEZ ALCALA J. GUADALUPE,COALICIÃ“N DE IZQUIERDA PROGRESISTA,,,,,,,,,,,,,
MICHOACAN,8 - MORELIA,HERRERA CALDERON MARIA GUADALUPE,COALICIÃ“N DE IZQUIERDA PROGRESISTA,,,,,,,,,,,,,
MICHOACAN,9 - URUAPAN,ALANIS PEDRAZA ANGEL II,COALICIÃ“N DE IZQUIERDA PROGRESISTA,,,,,,,,,,,,,
MICHOACAN,10 - MORELIA,LOPEZ MEJIA PRISCILA,COALICIÃ“N DE IZQUIERDA PROGRESISTA,,,,,,,,,,,,,
MICHOACAN,11 - PATZCUARO,SAUCEDO REYES ARACELI,COALICIÃ“N DE IZQUIERDA PROGRESISTA,,,,,,,,,,,,,
MICHOACAN,12 - APATZINGAN,ALVAREZ ISAIS ERENDIRA,COALICIÃ“N DE IZQUIERDA PROGRESISTA,,,,,,,,,,,,,
MORELOS,1 - CUERNAVACA,DOMINGUEZ RIVERA MARIA TERESA,COALICIÃ“N DE IZQUIERDA PROGRESISTA,,,,,,,,,,,,,
MORELOS,2 - JIUTEPEC,GARCIA CHAVEZ EL GATO HECTOR JAVIER,COALICIÃ“N DE IZQUIERDA PROGRESISTA,,,,,,,,,,,,,
MORELOS,3 - CUAUTLA,MEZA GUZMAN LUCY MEZA LUCIA VIRGINIA,COALICIÃ“N DE IZQUIERDA PROGRESISTA,,,,,,,,,,,,,
MORELOS,4 - JOJUTLA,RODRIGUEZ RUIZ TANIA VALENTINA,COALICIÃ“N DE IZQUIERDA PROGRESISTA,,,,,,,,,,,,,
MORELOS,5 - YAUTEPEC,RUIZ SILVA ROBERTO,COALICIÃ“N DE IZQUIERDA PROGRESISTA,,,,,,,,,,,,,
NAYARIT,1 - SANTIAGO IXCUINT,LLAORA AGUILAR SAULO ALFONSO,COALICIÃ“N DE IZQUIERDA PROGRESISTA,,,,,,,,,,,,,
NAYARIT,2 - TEPIC,"CASTELLON FONSECA GUADALUPE
FRANCISCO JAVIER",COALICIÃ“N DE IZQUIERDA PROGRESISTA,,,,,,,,,,,,,
NAYARIT,3 - COMPOSTELA,DUÃ‘ALDS PONCE MARIEL,COALICIÃ“N DE IZQUIERDA PROGRESISTA,,,,,,,,,,,,,
NUEVO LEON,1 - SANTA CATARINA,MARTINEZ TIJERINA MARLEN DINHORA,COALICIÃ“N DE IZQUIERDA PROGRESISTA,,,,,,,,,,,,,
NUEVO LEON,2 - APODACA,SALAZAR GARAY SILVIA ALICIA,COALICIÃ“N DE IZQUIERDA PROGRESISTA,,,,,,,,,,,,,
NUEVO LEON,3 - GRAL. ESCOBEDO,MENDOZA SALDAÃ‘A JOSEFINA,COALICIÃ“N DE IZQUIERDA PROGRESISTA,,,,,,,,,,,,,
NUEVO LEON,4 - SAN NICOLAS DE L,LSO GZANROZA VAZQUEZ CARMEN RUBY,COALICIÃ“N DE IZQUIERDA PROGRESISTA,,,,,,,,,,,,,
NUEVO LEON,5 - MONTERREY,VAZQUEZ GONZALEZ PEDRO,COALICIÃ“N DE IZQUIERDA PROGRESISTA,,,,,,,,,,,,,
NUEVO LEON,6 - MONTERREY,GARZA RODRIGUEZ NADIA LORENA,COALICIÃ“N DE IZQUIERDA PROGRESISTA,,,,,,,,,,,,,
NUEVO LEON,7 - MONTERREY,LOREDO CANDELARIA ALMA ISELA,,,,,,,,,,,,,,
NUEVO LEON,8 - GUADALUPE,ARMENDARIZ BETANCOURT IRMA LETICIA,COALICIÃ“N DE IZQUIERDA PROGRESISTA,,,,,,,,,,,,,
NUEVO LEON,9 - LINARES,NAVA MENCHACA SERGIO GILBERTO,COALICIÃ“N DE IZQUIERDA PROGRESISTA,,,,,,,,,,,,,
NUEVO LEON,10 - MONTERREY,FLORES LOZANO LINDA ANALI,COALICIÃ“N DE IZQUIERDA PROGRESISTA,,,,,,,,,,,,,
NUEVO LEON,11 - GUADALUPE,GONZALEZ REYNA MA. GUADALUPE,COALICIÃ“N DE IZQUIERDA PROGRESISTA,,,,,,,,,,,,,
NUEVO LEON,12 - CADEREYTA JIME,AERZGUIJO BALDENEGRO EDUARDO,COALICIÃ“N DE IZQUIERDA PROGRESISTA,,,,,,,,,,,,,
OAXACA,1 - SAN JUAN BAUTIS,"NIÃ‘O HERNANDEZ PACO NIÃ‘O FRANCISCO
AJ ATVUIXETREPEC",COALICIÃ“N DE IZQUIERDA PROGRESISTA,,,,,,,,,,,,,
OAXACA,2 - TEOTITLAN DE FLO,AELSV AMRAEGZO MNARTINEZ ANTONIO,COALICIÃ“N DE IZQUIERDA PROGRESISTA,,,,,,,,,,,,,
,,,,,,,,,,,,,,,,
OAXACA,3 - HEROICA CIUDAD,EC RHUZA JCURAUPZA JNU DAEN ILTEAO ANRCELIA,COALICIÃ“N DE IZQUIERDA PROGRESISTA,,,,,,,,,,,,,
OAXACA,4 - TLACOLULA DE MA,HAEMRONRAONSDEZ VASQUEZ ADRIANA,COALICIÃ“N DE IZQUIERDA PROGRESISTA,,,,,,,,,,,,,
OAXACA,5 - SANTO DOMINGO,EHSUTAENFATNE PGEACRFIAS JOSE ANTONIO,COALICIÃ“N DE IZQUIERDA PROGRESISTA,,,,,,,,,,,,,
OAXACA,6 - HEROICA CIUDAD,ELO TPLEAZX ISAACNOCHEZ SERGIO,COALICIÃ“N DE IZQUIERDA PROGRESISTA,,,,,,,,,,,,,
OAXACA,7 - HEROICA CIUDAD,EC RJUCZ HVIATZAQNU DEEZ  ZMAARRAIGAOZA,COALICIÃ“N DE IZQUIERDA PROGRESISTA,,,,,,,,,,,,,
OAXACA,8 - OAXACA DE JUARE,MARTINEZ NERI FRANCISCO,COALICIÃ“N DE IZQUIERDA PROGRESISTA,,,,,,,,,,,,,
OAXACA,9 - SANTA LUCIA DEL,CAMRUINZO MOLINA EVA FLORINDA,COALICIÃ“N DE IZQUIERDA PROGRESISTA,,,,,,,,,,,,,
OAXACA,10 - MIAHUATLAN DE,OCRAFRIMROION DAI ALAZREDO ALICIA,COALICIÃ“N DE IZQUIERDA PROGRESISTA,,,,,,,,,,,,,
OAXACA,11 - SANTIAGO PINOT,HPAE RNRAECRIOAN MAOLLINA YSABEL MARTINA,COALICIÃ“N DE IZQUIERDA PROGRESISTA,,,,,,,,,,,,,
PUEBLA,1 - HUAUCHINANGO,MARTINEZ CHAVARRIA EDUARDO,0,0,150000,422835.26,30000,0,0,0,210000,94846.6,0,0,159.67,907841.53
PUEBLA,2 - ZACATLAN,SUAREZ RAMIREZ ELVIA,0,0,150000,422835.26,30000,0,0,0,210000,42109,0,0,27.32,854971.58
PUEBLA,3 - TEZIUTLAN,REYES CARDOSO GABRIEL,0,0,150000,422835.26,30000,0,0,0,210000,0,0,0,45.55,812880.81
PUEBLA,4 - ZACAPOAXTLA,CONTRERAS MARCOS EFREN,0,0,150000,422835.26,0,0,0,0,0,0,0,0,8.9,572844.16
PUEBLA,5 - SAN MARTIN TEXM,TLAULCAAVNERA PEREZ CARLOS,0,0,150000,422835.26,30000,0,0,0,210000,0,0,0,15.28,812850.54
PUEBLA,6 - PUEBLA,PEREZ CHALINI MARIA DE LA LUZ DEL CARMEN,0,0,150000,422835.26,30000,0,0,0,210000,0,0,0,10,812845.26
PUEBLA,7 - TEPEACA,"CONTRERAS BRETON MARIA CONCEPCION
TERESA GEORGINA",0,0,150000,422835.26,30000,0,0,0,210000,0,0,0,23.81,812859.07
PUEBLA,8 - CHALCHICOMULA,EC ASMESAMRIALLO MIRON JULIAN ISIDRO,0,0,150000,411235.26,30000,0,0,0,210000,0,0,0,16.53,801251.79
PUEBLA,9 - PUEBLA,LOYOLA GONZALEZ ARTURO,0,0,150000,422835.26,30000,0,0,0,210000,0,0,0,92.56,812927.82
PUEBLA,10 - SAN PEDRO CHO,UMLAACUIL CIELO JOSE SILVIANO,0,0,100000,422835.26,0,16685,0,0,0,19635,0,0,10.3,559165.56
PUEBLA,11 - PUEBLA,TORRES FLORES ARIANA MERCED,0,0,150000,422835.26,30000,0,0,0,0,0,0,0,19.98,602855.24
PUEBLA,12 - PUEBLA,CEREZO GONZALEZ MARIA ELBA,0,0,150000,422835.26,30000,0,0,0,210000,0,0,0,46.33,812881.59
PUEBLA,13 - ATLIXCO,MANI RODRIGUEZ EVELIA,0,0,150000,422835.26,0,0,0,0,1000,0,0,0,13.85,573849.11
PUEBLA,14 - IZUCAR DE MATA,MOARDOESRO LEZAMA MANUEL,0,0,150000,422835.26,30000,0,0,0,210000,0,0,0,37.75,812873.01
PUEBLA,15 - TEHUACAN,AGUILAR SANCHEZ JACOBO,0,0,150000,422835.26,30000,0,0,0,310000,0,0,0,20.79,912856.05
PUEBLA,16 - AJALPAN,TEQUEXTLE PAQUE ANA EDITH,0,0,150000,422835.26,0,0,0,0,0,-26650,0,0,86.72,546271.98
QUERETARO,1 - CADEREYTA DE M,NRTEESSENDIZ FEREGRINO JOSE MARIO,0,0,150000,462378.76,0,0,0,0,0,0,4.63,0,0,612383.39
QUERETARO,2 - SAN JUAN DEL RIO,VEGA TAPIA MARIA DEYANIRA,0,0,150000,462378.76,0,0,0,0,0,0,18.01,0,0,612396.77
QUERETARO,3 - QUERETARO,RUIZ OLAES MAURICIO ALBERTO,0,0,150000,462378.76,0,0,0,0,0,0,6.66,0,0,612385.42
QUERETARO,4 - QUERETARO,"GONZALEZ LOYOLA PEREZ MARIA DEL CARMEN
CONSOLACION",0,0,150000,473978.76,0,0,0,0,0,0,10.46,0,0,623989.22
QUINTANA ROO,1 - SOLIDARIDAD,FLORES ALARCON SERGIO,100000,0,50000,426361.51,0,0,99950,9886.45,50,0,54.56,0,15.77,686318.29
QUINTANA ROO,2 - OTHON P. BLANCO,FLOTA CASTILLO JOSE DOMINGO,100000,0,50000,426361.51,30000,0,58500,0,10500,19800,39.71,0,0,695201.22
QUINTANA ROO,3 - BENITO JUAREZ,MORA VALLEJO IRIS MORA IRIS ADRIANA,0,0,100000,426361.51,0,0,0,0,48000,12000,9.75,0,0,586371.26
SAN LUIS POTOSI,1 - MATEHUALA,DE LEON MARTINEZ MARIA IMELDA,COALICIÃ“N DE IZQUIERDA PROGRESISTA,,,,,,,,,,,,,
SAN LUIS POTOSI,2 - SOLEDAD DE GRA,IBARNIO NSEASN CPHEREZEZ ERIKA IRAZEMA,COALICIÃ“N DE IZQUIERDA PROGRESISTA,,,,,,,,,,,,,
SAN LUIS POTOSI,3 - RIOVERDE,DELGADO VERASTEGUI LOURDES PATRICIA,COALICIÃ“N DE IZQUIERDA PROGRESISTA,,,,,,,,,,,,,
SAN LUIS POTOSI,4 - CIUDAD VALLES,ALVAREZ MONSIVAIS ALEJANDRINA,COALICIÃ“N DE IZQUIERDA PROGRESISTA,,,,,,,,,,,,,
SAN LUIS POTOSI,5 - SAN LUIS POTOSI,DORADOR ANDALON NORMA GABRIELA,COALICIÃ“N DE IZQUIERDA PROGRESISTA,,,,,,,,,,,,,
SAN LUIS POTOSI,6 - SAN LUIS POTOSI,NAVA PALACIOS FRANCISCO XAVIER,COALICIÃ“N DE IZQUIERDA PROGRESISTA,,,,,,,,,,,,,
SAN LUIS POTOSI,7 - TAMAZUNCHALE,RODRIGUEZ GALLEGOS EFRAIN,COALICIÃ“N DE IZQUIERDA PROGRESISTA,,,,,,,,,,,,,
SINALOA,1 - EL FUERTE,ANGULO LOPEZ JOZABED,0,0,150000,423180.51,0,0,0,0,0,0,12.44,0,0,573192.95
SINALOA,2 - AHOME,ROMANILLO MARTINEZ MARIA DEL CARMEN,0,0,150000,423180.51,0,0,0,0,0,59048.26,4.32,0,0,632233.09
SINALOA,3 - SALVADOR ALVAR,DFEOLIX LEAL MARIELA,0,0,150000,423180.51,0,0,0,0,0,96445.34,3.85,0,0,669629.7
SINALOA,4 - GUASAVE,COVARRUBIAS HERNANDEZ ENRIQUE ALONSO,0,0,150000,423180.51,0,0,0,0,0,0,7.07,0,0,573187.58
SINALOA,5 - CULIACAN,ARREDONDO RIVERA CARLOS ERNESTO,0,0,150000,423180.51,0,0,0,0,0,0,2.24,0,0,573182.75
SINALOA,6 - MAZATLAN,MANJARREZ BASTIDAS GUADALUPE,0,0,150000,411580.51,0,0,0,0,0,0,11.94,0,0,561592.45
SINALOA,7 - CULIACAN,MONRREAL BERRELLEZA MA. ROSARIO,0,0,150000,423180.51,0,0,0,0,0,0,7.38,0,6,573193.89
SINALOA,8 - MAZATLAN,GARCIA CONTRERAS ANGEL,0,0,150000,423180.51,0,0,0,0,0,0,7.1,0,0,573187.61
SONORA,1 - SAN LUIS RIO COL,RAODMOAN VILLA IRENE IVONNE,0,0,150000,435256.65,0,0,0,0,0,0,10.68,0,0,585267.33
SONORA,2 - NOGALES,PERALTA QUIJANO MARIA TERESA,0,0,100000,435256.65,0,0,0,0,0,0,10.12,0,50000,585266.77
SONORA,3 - HERMOSILLO,MOLINA HERNANDEZ GUADALUPE ALICIA,0,0,150000,435256.65,0,0,0,0,0,0,27.25,0,0,585283.9
SONORA,4 - GUAYMAS,MARTINEZ TOVAR MELITON,0,0,150000,435256.65,0,0,0,0,0,0,18.09,0,0,585274.74
SONORA,5 - HERMOSILLO,URIAS DE LA VEGA LUIS ANTONIO,0,0,150000,435256.65,0,0,0,0,0,18790,3.79,0,0,604050.44
SONORA,6 - CAJEME,RUIZ BALAGUER ROSA LINDA,0,0,100000,435256.65,0,0,0,0,0,0,0,0,0,535256.65
SONORA,7 - NAVOJOA,MORALES CARBAJAL ALONSO,0,0,150000,435256.65,0,0,0,0,0,18447,23.89,0,0,603727.54
TABASCO,1 - MACUSPANA,BOCANEGRA RUIZ ELIO,COALICIÃ“N DE IZQUIERDA PROGRESISTA,,,,,,,,,,,,,
TABASCO,2 - CARDENAS,FERRER ABALOS OSCAR,COALICIÃ“N DE IZQUIERDA PROGRESISTA,,,,,,,,,,,,,
TABASCO,3 - COMALCALCO,PERALTA GRAPPIN HECTOR,COALICIÃ“N DE IZQUIERDA PROGRESISTA,,,,,,,,,,,,,
TABASCO,4 - CENTRO,VIDAL FOCIL ANA BERTHA,COALICIÃ“N DE IZQUIERDA PROGRESISTA,,,,,,,,,,,,,
TABASCO,5 - PARAISO,MADRIGAL SANCHEZ ARACELI,COALICIÃ“N DE IZQUIERDA PROGRESISTA,,,,,,,,,,,,,
TABASCO,6 - CENTRO,MOLLINEDO ZURITA ANA KAREN,COALICIÃ“N DE IZQUIERDA PROGRESISTA,,,,,,,,,,,,,
TAMAULIPAS,1 - NUEVO LAREDO,"CABEZA RESENDEZ CARLOS EPITACIO
ZACARIAS",100000,0,50000,430735.39,0,0,0,0,0,29400,15.49,0,0,610150.88
TAMAULIPAS,2 - REYNOSA,AGUILLON DE LEON CRISTELA,100000,0,50000,430735.39,0,0,0,0,0,0,20.81,0,0,580756.2
TAMAULIPAS,3 - RIO BRAVO,LOPEZ VERA NELLY,100000,0,50000,430735.39,0,0,0,0,0,0,28.23,0,0,580763.62
TAMAULIPAS,4 - MATAMOROS,IGLESIAS ELIZONDO FERNANDO ANTONIO,100000,0,50000,430735.39,0,0,0,0,0,16800,4.11,0,0,597539.5
TAMAULIPAS,5 - VICTORIA,ARANDA LOPEZ JOSEFINA,100000,0,50000,430735.39,0,0,0,0,0,0,24.92,0,0,580760.31
,,,,,,,,,,,,,,,,
TAMAULIPAS,7 - CIUDAD MADERO,ORTEGA MALDONADO CUITLAHUAC,100000,0,50000,430735.39,0,0,189000,0,0,0,13.53,0,25.07,769773.99
TAMAULIPAS,8 - TAMPICO,GONZALEZ MARTINEZ SALVADOR,100000,0,50000,430735.39,0,0,14000,0,0,0,20.73,0,0,594756.12
TLAXCALA,1 - APIZACO,RAMIREZ ORTIZ ERNESTINA,100000,0,50000,427982.18,0,0,0,0,0,0,20.66,0,29.66,578032.5
TLAXCALA,2 - TLAXCALA,SESIN MALDONADO SANTIAGO,100000,0,50000,427982.18,0,0,0,16000,0,61157.6,21.46,0,0,655161.24
TLAXCALA,3 - ZACATELCO,OREA ALBARRAN TOMAS FEDERICO,100000,0,50000,427982.18,0,5000,0,46226,0,0,23.1,0,0,629231.28
VERACRUZ,1 - PANUCO,ARENAS OCHOA ALMA BELEN,0,0,150000,422499.65,0,0,0,0,0,0,25.12,0,0,572524.77
VERACRUZ,2 - TANTOYUCA,MARTINEZ MARTINEZ MANUEL FRANCISCO,0,0,150000,422499.65,0,0,115000,0,54000,0,57.91,0,0,741557.56
VERACRUZ,3 - TUXPAN,SERVIN ARELLANES MONIKA,0,0,150000,422499.65,0,0,0,0,0,0,7.92,0,0,572507.57
VERACRUZ,4 - VERACRUZ,SALDAÃ‘A MORAN JULIO,0,0,150000,422499.65,0,0,174400,0,175600,0,45.92,0,0,922545.57
VERACRUZ,5 - POZA RICA DE HID,LAGMOADOR RODRIGUEZ LEONARDO,0,0,150000,422499.65,0,0,0,0,0,4539.36,7.31,0,0,577046.32
VERACRUZ,6 - PAPANTLA,ROMERO COPCA ERIKA LISSBET,0,0,150000,422499.65,0,0,0,0,0,0,12.57,0,0,572512.22
VERACRUZ,7 - MARTINEZ DE LA T,LRARGEUNES MARIN HECTOR JAVIER,0,0,150000,422499.65,34000,0,90000,0,0,0,28.82,0,0,696528.47
VERACRUZ,8 - XALAPA,AGUILAR AGUILAR CONSTANTINO,COALICIÃ“N DE IZQUIERDA PROGRESISTA,,,,,,,,,,,,,
VERACRUZ,9 - COATEPEC,ALCANTARA MORA ARANZAZU,0,0,150000,608887.41,0,0,0,0,0,0,17.43,0,0,758904.84
VERACRUZ,10 - XALAPA,GARCIMARRERO OCHOA ALFREDO MAGNO,COALICIÃ“N DE IZQUIERDA PROGRESISTA,,,,,,,,,,,,,
VERACRUZ,11 - COATZACOALCO,DE LA GUARDIA CUETO RODOLFO,0,0,150000,410899.65,0,0,0,0,0,0,11.8,0,0,560911.45
VERACRUZ,12 - VERACRUZ,CRUZ HERRERA MARIO,0,0,150000,422499.65,0,0,0,0,0,0,13.22,0,0,572512.87
VERACRUZ,13 - HUATUSCO,GUTIERREZ SARMIENTO MARIA DEL ROCIO,0,0,150000,422499.65,0,0,0,0,0,0,4.38,0,0,572504.03
VERACRUZ,14 - MINATITLAN,MORALES AGUIRRE JUANA ISABEL,0,0,150000,422499.65,0,0,0,0,0,0,4.35,0,0,572504
VERACRUZ,15 - ORIZABA,TIRADO MACIEL MARIA EUGENIA,0,0,150000,422499.65,0,0,0,0,0,0,6.55,0,0,572506.2
VERACRUZ,16 - CORDOBA,FIGUEROA JUAREZ MARTHA PATRICIA,0,0,150000,422499.65,0,0,0,0,0,0,14.82,0,0,572514.47
VERACRUZ,17 - COSAMALOAPAN,JUAREZ CERRILLO MARGARITA,0,0,150000,422499.65,0,0,0,0,0,0,2.47,0,0,572502.12
VERACRUZ,18 - ZONGOLICA,PEREZ PASCUALA JAVIER,100000,0,150000,422499.65,0,0,0,0,0,0,26,0,0,672525.65
VERACRUZ,19 - SAN ANDRES TUX,VLAZQUEZ COPETE JULIO CESAR,0,0,150000,422499.65,0,0,0,0,0,0,35.89,0,0,572535.54
VERACRUZ,20 - ACAYUCAN,GONZALEZ LOPEZ MA. ISABEL,0,0,150000,422499.65,0,0,0,0,0,0,4.89,0,0,572504.54
VERACRUZ,21 - COSOLEACAQUE,GARCIA PALACIOS MR. RODEO VICTOR,0,0,150000,422499.65,0,0,0,0,0,0,8.26,0,0,572507.91
YUCATAN,1 - VALLADOLID,PERALES ESCALONA SUSANA DEL ROBLE,0,0,150000,449390.91,0,0,0,0,0,37400,10.37,0,0,636801.28
YUCATAN,2 - PROGRESO,BORGES PASOS MIRNA MERCEDES,0,0,150000,449390.91,0,0,0,0,0,0,8.28,0,0,599399.19
YUCATAN,3 - MERIDA,SOLIS REYES MARIA TERESA,50000,0,100000,449390.91,0,0,0,0,0,0,3.66,0,0,599394.57
YUCATAN,4 - MERIDA,EUAN LOPEZ XARBEY ANEFAR,0,0,150000,449390.91,0,0,0,0,0,0,9.57,0,0,599400.48
YUCATAN,5 - TICUL,CASTILLO NOVELO SARA GUADALUPE,0,0,150000,449390.91,0,0,0,0,0,0,0,0,0,599390.91
ZACATECAS,1 - FRESNILLO,MONREAL AVILA SAUL,COALICIÃ“N DE IZQUIERDA PROGRESISTA,,,,,,,,,,,,,
ZACATECAS,2 - JEREZ,MEJIA HARO TOÃ‘O MEJIA ANTONIO,COALICIÃ“N DE IZQUIERDA PROGRESISTA,,,,,,,,,,,,,
ZACATECAS,3 - ZACATECAS,NARRO CESPEDES JOSE,0,0,150000,424527.76,0,0,0,0,0,0,0,0,2.9,574530.66
ZACATECAS,4 - GUADALUPE,ZAMORA SALAS GILBERTO,0,0,150000,424527.76,0,0,0,0,0,0,0,0,2.18,574529.94
