"",,,,,,,,,,,,,,,,,
AGUASCALIENTES,1,GUTIERREZ CASTORENA DANIEL,"$20,000.00",$0.00,$0.00,$0.00,$0.00,$0.00,$0.00,$0.00,$0.00,$0.00,$0.00,$0.00,$0.00,$0.00,"$20,000.00"
AGUASCALIENTES,2,SILVA MORENO GENOVEVA,"30,200.00",0.00,0.00,0.00,0.00,"5,000.00",0.00,900.00,0.00,0.00,0.00,0.00,0.00,0.00,"36,100.00"
AGUASCALIENTES,3,RUVALCABA GAMEZ NORA,"20,000.00",0.00,0.00,0.00,0.00,0.00,0.00,0.00,0.00,0.00,0.00,0.00,0.00,0.00,"20,000.00"
Total Aguscalientes,,,"$70,200.00",$0.00,$0.00,$0.00,$0.00,"$5,000.00",$0.00,$900.00,$0.00,$0.00,$0.00,$0.00,$0.00,$0.00,"$76,100.00"
BAJA CALIFORNIA,1,GUERRERO LUNA MANUEL,"$9,600.00",$0.00,$0.00,$0.00,"$5,056.44","$45,750.00","$12,800.00",$0.00,$0.00,$0.00,$0.00,$0.00,"$3,120.21",$0.00,"$76,326.65"
BAJA CALIFORNIA,2,MORA QUIÑONEZ MARIA GUADALUPE,"20,000.00",0.00,0.00,0.00,0.00,0.00,"69,360.00",0.00,0.00,0.00,0.00,0.00,0.00,0.00,"89,360.00"
BAJA CALIFORNIA,3,ARAIZA CASTAÑOS TEODORO AUGUSTO,"52,300.00",0.00,0.00,0.00,0.00,"130,776.00","20,000.00","5,600.00",0.00,0.00,0.00,0.00,0.00,0.00,"208,676.00"
BAJA CALIFORNIA,4,GERALDO NUÑEZ ARACELI,"20,000.00",0.00,0.00,0.00,0.00,"14,600.00","79,110.00",0.00,0.00,0.00,0.00,0.00,0.00,0.00,"113,710.00"
BAJA CALIFORNIA,5,MORENO GIL MARIO ISMAEL,"20,000.00",0.00,0.00,0.00,0.00,"4,662.00",0.00,"16,454.45",0.00,0.00,0.00,0.00,0.00,0.00,"41,116.45"
BAJA CALIFORNIA,6,RAMIREZ LUCERO MARTHA PATRICIA,"29,400.72",0.00,0.00,0.00,0.00,0.00,0.00,0.00,0.00,0.00,0.00,0.00,"20,420.80",0.00,"49,821.52"
BAJA CALIFORNIA,7,ROBLES COTA JOSE ERNESTO,"5,800.00",0.00,0.00,0.00,"4,558.02",0.00,535.92,0.00,"3,000.00",0.00,0.00,0.00,"2,171.40",0.00,"16,065.34"
BAJA CALIFORNIA,8,CABALLERO RAMIREZ MONSERRAT,"20,000.00",0.00,0.00,0.00,0.00,"3,500.00",0.00,0.00,0.00,0.00,0.00,0.00,0.00,0.00,"23,500.00"
Total Baja California,,,"$177,100.72",$0.00,$0.00,$0.00,"$9,614.46","$199,288.00","$181,805.92","$22,054.45","$3,000.00",$0.00,$0.00,$0.00,"$25,712.41",$0.00,"$618,575.96"
BAJA CALIFORNIA SUR,1,SANCHEZ GUTIERREZ CONCEPCION,"$44,300.00",$0.00,$0.00,$0.00,$0.00,$0.00,"$3,049.92",$0.00,$0.00,$0.00,$0.00,$0.00,$0.00,$0.00,"$47,349.92"
BAJA CALIFORNIA SUR,2,RENTERIA SANTANA ARNOLDO ALBERTO,"25,900.00",0.00,0.00,0.00,0.00,0.00,"15,263.52",0.00,0.00,0.00,0.00,0.00,0.00,0.00,"41,163.52"
Total Baja California Sur,,,"$70,200.00",$0.00,$0.00,$0.00,$0.00,$0.00,"$18,313.44",$0.00,$0.00,$0.00,$0.00,$0.00,$0.00,$0.00,"$88,513.44"
CAMPECHE,1,ZAVALA SALAZAR MANUEL JESUS,"$20,000.00","$1,933.42",$0.00,"$17,140.50",$0.00,"$75,677.68",$600.00,"$14,200.00",$0.00,$0.00,$0.00,$0.00,"$3,120.00",$0.00,"$132,671.60"
CAMPECHE,2,SIERRA DAMIAN MARIA,"20,000.00","2,566.07",0.00,0.00,0.00,0.00,0.00,0.00,0.00,0.00,0.00,0.00,"1,600.00",0.00,"24,166.07"
Total Campeche,,,"$40,000.00","$4,499.49",$0.00,"$17,140.50",$0.00,"$75,677.68",$600.00,"$14,200.00",$0.00,$0.00,$0.00,$0.00,"$4,720.00",$0.00,"$156,837.67"
COAHUILA,1,REYES GRAGEDA LUZ MARINA,"$48,476.50",$0.00,$0.00,$0.00,$0.00,$0.00,$131.08,$0.00,$0.00,$0.00,$0.00,$0.00,$0.00,$0.00,"$48,607.58"
COAHUILA,2,MORALES VEYNA RAMIRO,"20,000.00",0.00,0.00,0.00,0.00,0.00,131.08,"25,984.00",0.00,0.00,0.00,0.00,0.00,0.00,"46,115.08"
COAHUILA,3,DAVIS ESTRADA JAZMIN ESPERANZA,"20,000.00",0.00,0.00,0.00,0.00,0.00,131.08,0.00,0.00,0.00,0.00,0.00,0.00,0.00,"20,131.08"
COAHUILA,4,GARZA DEL TORO ALMA ROSA,"48,281.26",0.00,0.00,0.00,0.00,0.00,"3,970.68",0.00,0.00,0.00,0.00,0.00,0.00,0.00,"52,251.94"
COAHUILA,5,GUZMAN DEL RIO ENRIQUE,"57,200.00",0.00,0.00,0.00,0.00,0.00,131.08,0.00,0.00,0.00,0.00,0.00,0.00,0.00,"57,331.08"
COAHUILA,6,SANCHEZ GALVAN MIROSLAVA,"59,600.00",0.00,0.00,0.00,0.00,"16,622.00",0.00,"19,354.28",0.00,0.00,0.00,0.00,0.00,0.00,"95,576.28"
COAHUILA,7,DE LA GARZA CAMPOS RUPERTO,"7,004.20",0.00,0.00,0.00,0.00,0.00,409.48,0.00,0.00,0.00,0.00,0.00,0.00,0.00,"7,413.68"
Total Coahuila,,,"$260,561.96",$0.00,$0.00,$0.00,$0.00,"$16,622.00","$4,904.48","$45,338.28",$0.00,$0.00,$0.00,$0.00,$0.00,$0.00,"$327,426.72"
COLIMA,1,VILLARRUEL FIGUEROA ROSA EVELIA,"$20,000.00",$0.00,$0.00,$0.00,$0.00,$0.00,$0.00,"$48,450.00",$0.00,$0.00,$0.00,$0.00,"$1,000.00",$0.00,"$69,450.00"
COLIMA,2,MESINA POLANCO MARISA,"48,350.00",0.00,0.00,0.00,0.00,0.00,0.00,0.00,0.00,0.00,0.00,0.00,0.00,0.00,"48,350.00"
Total Colima,,,"$68,350.00",$0.00,$0.00,$0.00,$0.00,$0.00,$0.00,"$48,450.00",$0.00,$0.00,$0.00,$0.00,"$1,000.00",$0.00,"$117,800.00"
CHIAPAS,1,OBRADOR NARVAEZ MANUELA DEL CARMEN,"$20,000.00",$0.00,$0.00,$0.00,$0.00,"$9,140.80","$86,401.05",$0.00,$0.00,$0.00,$0.00,$0.00,$0.00,$0.00,"$115,541.85"
CHIAPAS,2,MENDEZ LOPEZ GENARO,0.00,0.00,0.00,0.00,0.00,0.00,0.00,0.00,0.00,0.00,0.00,0.00,0.00,0.00,0.00
CHIAPAS,3,GOMEZ LOPEZ ISABEL,0.00,0.00,0.00,0.00,0.00,0.00,0.00,0.00,0.00,0.00,0.00,0.00,0.00,0.00,0.00
CHIAPAS,4,RUIZ LEON HELADIO,"20,000.00",0.00,0.00,0.00,0.00,0.00,0.00,0.00,0.00,0.00,0.00,0.00,0.00,0.00,"20,000.00"
CHIAPAS,5,LOPEZ GUZMAN XOCHI QUETZAL,"20,000.00",0.00,0.00,0.00,0.00,0.00,0.00,0.00,0.00,0.00,0.00,0.00,0.00,0.00,"20,000.00"
CHIAPAS,6,ORDOÑEZ RUIZ JORGE,"80,800.00",0.00,0.00,0.00,"100,001.00","49,960.94","45,875.00",0.00,"78,450.00",0.00,0.00,0.00,0.00,0.00,"355,086.94"
CHIAPAS,7,TRUJILLO CHIRINO ARIEL,"20,000.00",0.00,0.00,0.00,0.00,0.00,0.00,0.00,0.00,0.00,0.00,0.00,0.00,0.00,"20,000.00"
CHIAPAS,8,HERNANDEZ LOPEZ LUCIA GUADALUPE,"40,181.60",0.00,0.00,0.00,0.00,0.00,0.00,0.00,0.00,0.00,0.00,0.00,0.00,0.00,"40,181.60"
CHIAPAS,9,ROBLERO PEREZ BERTHY,"20,000.00",0.00,0.00,0.00,0.00,0.00,0.00,0.00,0.00,0.00,0.00,0.00,0.00,0.00,"20,000.00"
CHIAPAS,10,PAEZ FERNANDEZ JUAN CARLOS,"20,000.00",0.00,0.00,0.00,0.00,0.00,"35,360.00",0.00,0.00,0.00,0.00,0.00,0.00,0.00,"55,360.00"
CHIAPAS,11,MARTINEZ VERA MIRIAM,"20,000.00",0.00,0.00,0.00,0.00,0.00,0.00,0.00,0.00,0.00,0.00,0.00,0.00,0.00,"20,000.00"
CHIAPAS,12,ROBLERO VAZQUEZ ARMANDO ENRIQUE,"20,000.00",0.00,0.00,0.00,0.00,0.00,0.00,0.00,0.00,0.00,0.00,0.00,0.00,0.00,"20,000.00"
Total Chiapas,,,"$280,981.60",$0.00,$0.00,$0.00,"$100,001.00","$59,101.74","$167,636.05",$0.00,"$78,450.00",$0.00,$0.00,$0.00,$0.00,$0.00,"$686,170.39"
CHIHUAHUA,1,ADAME ALVARADO MA. DOLORES,"$19,174.85",$0.00,$0.00,$0.00,$0.00,$0.00,$0.00,$0.00,$0.00,$0.00,$0.00,$0.00,$0.00,$0.00,"$19,174.85"
CHIHUAHUA,2,CARBAJAL CASAS ANDRES,0.00,"80,370.00",0.00,0.00,0.00,"6,630.23",0.00,0.00,0.00,0.00,0.00,0.00,0.00,0.00,"87,000.23"
CHIHUAHUA,3,CARAVEO CAMARENA BERTHA ALICIA,"17,722.80",0.00,0.00,0.00,0.00,0.00,0.00,0.00,0.00,0.00,0.00,0.00,0.00,0.00,"17,722.80"
CHIHUAHUA,4,VAZQUEZ MOLINAR ROBERTO FELIPE,"3,480.00",0.00,0.00,0.00,0.00,0.00,0.00,0.00,0.00,0.00,0.00,0.00,0.00,0.00,"3,480.00"
CHIHUAHUA,5,RENTERIA DUARTE ARTURO,"17,745.99",0.00,0.00,0.00,0.00,0.00,0.00,0.00,0.00,0.00,0.00,0.00,0.00,0.00,"17,745.99"
CHIHUAHUA,6,LOZANO SAUCEDO JESUS RAMON,0.00,0.00,"21,665.90",0.00,0.00,0.00,0.00,0.00,0.00,0.00,0.00,0.00,0.00,0.00,"21,665.90"
CHIHUAHUA,7,MERAZ MEDRANO AMANDA,"20,000.00",0.00,0.00,0.00,0.00,0.00,0.00,0.00,0.00,0.00,0.00,"2,100.00",0.00,0.00,"22,100.00"
CHIHUAHUA,8,TERRAZAS RODALLEGAS MARISELA,0.00,0.00,0.00,"17,582.70",0.00,0.00,0.00,0.00,0.00,0.00,0.00,0.00,0.00,0.00,"17,582.70"
CHIHUAHUA,9,HERNANDEZ TAMAYO BERTHA,0.00,0.00,0.00,0.00,0.00,0.00,0.00,0.00,0.00,0.00,0.00,0.00,0.00,0.00,0.00
Total Chihuahua,,,"$78,123.64","$80,370.00","$21,665.90","$17,582.70",$0.00,"$6,630.23",$0.00,$0.00,$0.00,$0.00,$0.00,"$2,100.00",$0.00,$0.00,"$206,472.47"
1,DEL CASTILLO IBARRA ERIKA VANESSA,"$20,000.00",$0.00,$0.00,$0.00,$0.00,$0.00,"$7,757.00","$21,552.78",$0.00,$0.00,$0.00,$0.00,$0.00,$0.00,"$49,309.78",
"",,,,,,,,,,,,,,,,,
DISTRITO FEDERAL,2,ROMERO TENORIO JUAN,"19,960.81",0.00,0.00,0.00,0.00,"80,298.80",249.34,"161,722.19",0.00,0.00,0.00,0.00,0.00,0.00,"262,231.14"
DISTRITO FEDERAL,3,CABALLERO PEDRAZA VIRGILIO DANTE,"23,814.48",0.00,0.00,0.00,0.00,0.00,0.00,"9,561.30",0.00,"15,893.00",0.00,0.00,0.00,0.00,"49,268.78"
DISTRITO FEDERAL,4,GODOY RAMOS ERNESTINA,"20,000.00",0.00,0.00,0.00,"84,500.00","63,960.09","19,806.00","107,082.63",0.00,"117,900.00",0.00,0.00,0.00,0.00,"413,248.72"
DISTRITO FEDERAL,5,ACEVES PASTRANA PATRICIA ELENA,"20,461.68","4,611.00",0.00,0.00,0.00,"121,556.74","3,694.50","13,357.00",0.00,0.00,0.00,0.00,0.00,0.00,"163,680.92"
DISTRITO FEDERAL,6,ALVAREZ LOPEZ JESUS EMILIANO,"19,974.96",0.00,0.00,0.00,0.00,0.00,"34,861.00","91,346.34",0.00,0.00,0.00,0.00,0.00,0.00,"146,182.30"
DISTRITO FEDERAL,7,CHAVEZ GARCIA MARIA,"22,355.71",0.00,0.00,0.00,0.00,0.00,0.00,"43,727.10",0.00,0.00,0.00,0.00,0.00,0.00,"66,082.81"
DISTRITO FEDERAL,8,LLERENAS MORALES VIDAL,0.00,0.00,0.00,0.00,0.00,"32,504.65",0.00,"82,476.00",0.00,"63,521.60",0.00,0.00,0.00,0.00,"178,502.25"
DISTRITO FEDERAL,9,LARA LOPEZ IRMA,"20,000.00",0.00,0.00,0.00,0.00,0.00,0.00,0.00,0.00,0.00,0.00,0.00,0.00,0.00,"20,000.00"
DISTRITO FEDERAL,10,ARROYO LEGASPI ADRIAN,"29,946.17",0.00,0.00,0.00,0.00,0.00,0.00,"40,868.88",0.00,0.00,0.00,0.00,0.00,0.00,"70,815.05"
DISTRITO FEDERAL,11,LOPEZ VELA JAIME GENARO,0.00,0.00,0.00,0.00,0.00,0.00,0.00,"42,258.00",0.00,0.00,0.00,0.00,0.00,0.00,"42,258.00"
DISTRITO FEDERAL,12,BARRIENTOS PANTOJA ALICIA,"20,000.00",0.00,0.00,0.00,0.00,"51,945.80",771.76,"183,818.82",0.00,0.00,0.00,0.00,0.00,0.00,"256,536.38"
DISTRITO FEDERAL,13,BAHENA Y LOME BENITO,"20,000.00",0.00,0.00,0.00,0.00,0.00,0.00,"327,294.86",0.00,0.00,0.00,0.00,0.00,0.00,"347,294.86"
DISTRITO FEDERAL,14,RAMIREZ CUELLAR ALFONSO,"20,000.00",0.00,0.00,0.00,0.00,0.00,"40,301.98","198,454.47",0.00,0.00,0.00,0.00,0.00,0.00,"258,756.45"
DISTRITO FEDERAL,15,BATIZ Y VAZQUEZ BERNARDO,"20,000.00",0.00,0.00,0.00,0.00,"4,691.97","19,895.40","3,200.00",0.00,0.00,0.00,0.00,0.00,0.00,"47,787.37"
DISTRITO FEDERAL,16,VELAZQUEZ MACIAS MARIA OLIVA,"18,048.00",0.00,0.00,0.00,0.00,0.00,0.00,"65,079.96",0.00,0.00,0.00,0.00,0.00,0.00,"83,127.96"
DISTRITO FEDERAL,17,ZARZA SEGURA CARLOS,"20,000.00",0.00,0.00,0.00,0.00,"11,915.00",0.00,"50,941.02",0.00,0.00,0.00,0.00,0.00,0.00,"82,856.02"
DISTRITO FEDERAL,18,CASTAÑEDA ZAVALA MICAELA ESTELA,"18,487.88",0.00,0.00,0.00,0.00,"37,226.48",0.00,"55,824.00",0.00,0.00,0.00,0.00,0.00,0.00,"111,538.36"
DISTRITO FEDERAL,19,MOCTEZUMA BARRAGAN PEDRO,"20,000.00",0.00,0.00,0.00,"186,000.00",0.00,"42,736.00","150,010.33",0.00,"1,850.00",0.00,0.00,0.00,0.00,"400,596.33"
DISTRITO FEDERAL,20,DAMIAN GONZALEZ ARACELI,"20,000.00",0.00,0.00,0.00,0.00,0.00,0.00,"176,105.29",0.00,"53,000.00",0.00,0.00,0.00,0.00,"249,105.29"
DISTRITO FEDERAL,21,MUÑOZ GALICIA ANA MARIA,"20,320.84",0.00,0.00,0.00,0.00,0.00,"46,601.00","58,255.32",0.00,0.00,0.00,0.00,0.00,0.00,"125,177.16"
DISTRITO FEDERAL,22,VARELA LOPEZ VICTOR GABRIEL,"20,000.00",0.00,0.00,0.00,0.00,"103,366.00",0.00,"47,759.00",0.00,0.00,0.00,0.00,0.00,0.00,"171,125.00"
DISTRITO FEDERAL,23,ALVARADO GONZALEZ JOSUE SANTIAGO,"20,000.00",0.00,0.00,0.00,0.00,0.00,"12,760.00","15,770.00",0.00,0.00,0.00,0.00,0.00,0.00,"48,530.00"
DISTRITO FEDERAL,24,MEJIA FLORES MARIA DEL ROCIO,"14,133.71",0.00,0.00,0.00,0.00,0.00,"28,390.50","50,251.15",0.00,0.00,0.00,0.00,0.00,0.00,"92,775.36"
DISTRITO FEDERAL,25,MOLINA ARIAS RENATO JOSAFAT,"20,000.00",0.00,0.00,0.00,0.00,"21,000.00","21,000.00","53,556.42",0.00,0.00,0.00,0.00,0.00,0.00,"115,556.42"
DISTRITO FEDERAL,26,CARDENAS GRACIA JAIME FERNANDO,"20,000.00",0.00,0.00,0.00,"50,000.00","38,803.00",0.00,"71,851.00",0.00,887.00,0.00,0.00,0.00,0.00,"181,541.00"
DISTRITO FEDERAL,27,HERNANDEZ COLIN NORMA XOCHITL,"9,317.32",0.00,0.00,0.00,0.00,0.00,0.00,"113,417.50",0.00,0.00,0.00,0.00,0.00,0.00,"122,734.82"
Total Distrito Federal,,,"$496,821.56","$4,611.00",$0.00,$0.00,"$320,500.00","$567,268.53","$278,824.48","$2,235,541.36",$0.00,"$253,051.60",$0.00,$0.00,$0.00,$0.00,"$4,156,618.53"
DURANGO,1,VAZQUEZ PARRA SANDRA ANGELICA,"$65,900.00",$0.00,$0.00,$0.00,$0.00,$0.00,"$46,500.00",$0.00,$0.00,$0.00,$0.00,"$40,000.00",$0.00,$0.00,"$152,400.00"
DURANGO,2,LUGO LICERIO MARIA DEL REFUGIO,"73,400.00",0.00,"30,000.00",0.00,0.00,"7,920.00","-33,840.00","-82,340.00",0.00,0.00,0.00,"2,262.00",0.00,0.00,"-2,598.00"
DURANGO,3,CASTILLO MONTOYA NANCY,"65,200.00",0.00,0.00,0.00,0.00,"64,600.00","160,700.00","33,200.00","5,000.00",0.00,0.00,"71,362.00",0.00,0.00,"400,062.00"
DURANGO,4,SILVA LABRADOR SERGIO,"69,500.00",0.00,0.00,"-2,262.00","29,107.08",0.00,0.00,"202,245.00",0.00,"14,200.00",0.00,0.00,0.00,0.00,"312,790.08"
Total Durango,,,"$274,000.00",$0.00,"$30,000.00","-$2,262.00","$29,107.08","$72,520.00","$173,360.00","$153,105.00","$5,000.00","$14,200.00",$0.00,"$113,624.00",$0.00,$0.00,"$862,654.08"
GUANAJUATO,1,GARCIA MONJARAS AIDAVETH,"$23,200.00",$0.00,$0.00,$0.00,$0.00,$0.00,$0.00,$0.00,$0.00,$0.00,$0.00,"$11,504.00",$0.00,$0.00,"$34,704.00"
GUANAJUATO,2,RODRIGUEZ BELTRAN JAVIER,"35,200.00",0.00,0.00,0.00,0.00,0.00,0.00,0.00,0.00,0.00,0.00,"11,504.00",0.00,0.00,"46,704.00"
GUANAJUATO,3,LOPEZ JIMENEZ MIRIAM,"4,900.00",0.00,"21,000.00",0.00,0.00,0.00,0.00,0.00,0.00,0.00,0.00,"3,500.00",0.00,0.00,"29,400.00"
GUANAJUATO,4,MARTINEZ ARCHUNDIA ROGELIO,"74,000.00",0.00,0.00,0.00,0.00,0.00,0.00,"4,332.17",0.00,0.00,0.00,"11,780.00",0.00,0.00,"90,112.17"
GUANAJUATO,5,VAZQUEZ ALATORRE ANTARES GUADALUPE,"54,100.00",0.00,0.00,0.00,0.00,"16,216.54",0.00,"29,247.08",0.00,0.00,0.00,"13,140.80",0.00,0.00,"112,704.42"
GUANAJUATO,6,COQ GONZALEZ MARIANA,"20,000.00",0.00,0.00,0.00,0.00,0.00,0.00,0.00,0.00,0.00,0.00,"13,104.80",0.00,0.00,"33,104.80"
GUANAJUATO,7,ORTIZ MARTINEZ HECTOR MELQUISEDEC,"20,000.00",0.00,0.00,0.00,0.00,0.00,0.00,0.00,0.00,0.00,0.00,0.00,0.00,0.00,"20,000.00"
GUANAJUATO,8,OLIVARES GARCIA CRISTOBAL VICTOR HUGO,"62,400.00",0.00,0.00,0.00,0.00,0.00,"5,198.63","4,586.30",0.00,0.00,0.00,"11,780.00",0.00,0.00,"83,964.93"
GUANAJUATO,9,ROCHA PEREZ MA. DEL CARMEN,"75,780.00",0.00,0.00,0.00,0.00,0.00,"12,789.03",0.00,0.00,0.00,0.00,"3,500.00",0.00,0.00,"92,069.03"
GUANAJUATO,10,BAEZA GROVAS ITZEL NALLELY,"-50,500.00",0.00,0.00,0.00,0.00,"5,260.27",0.00,0.00,0.00,0.00,0.00,"3,500.00",0.00,0.00,"-41,739.73"
GUANAJUATO,11,LEON MELGOZA SALOMON,"66,200.00",0.00,0.00,0.00,0.00,0.00,0.00,0.00,0.00,0.00,0.00,"11,780.00",0.00,0.00,"77,980.00"
GUANAJUATO,12,ROSALES CRUZ MARIA MAGDALENA,"66,200.00",0.00,0.00,0.00,"4,205.58",0.00,0.00,"5,365.00",0.00,0.00,0.00,"13,104.80",0.00,0.00,"88,875.38"
GUANAJUATO,13,ESTRADA CONTRERAS AGUSTIN,"-33,500.00",0.00,0.00,0.00,0.00,"9,041.00",0.00,0.00,0.00,0.00,0.00,"3,500.00",0.00,0.00,"-20,959.00"
GUANAJUATO,14,LOPEZ PANTOJA EDGAR,"2,000.00",0.00,0.00,0.00,0.00,"2,054.79",0.00,0.00,0.00,0.00,0.00,"3,500.00",0.00,0.00,"7,554.79"
Total Guanajuato,,,"$419,980.00",$0.00,"$21,000.00",$0.00,"$4,205.58","$32,572.60","$17,987.66","$43,530.55",$0.00,$0.00,$0.00,"$115,198.40",$0.00,$0.00,"$654,474.79"
GUERRERO,1,NIETO CUEVAS ANDRES,"$75,000.00",$0.00,$0.00,$0.00,$0.00,"$10,700.00",$0.00,$0.00,$0.00,$0.00,$0.00,$0.00,$0.00,$0.00,"$85,700.00"
GUERRERO,2,OCAMPO MANZANARES ARACELI,"68,200.00",0.00,0.00,0.00,0.00,0.00,"25,975.00",0.00,0.00,0.00,0.00,0.00,0.00,0.00,"94,175.00"
GUERRERO,3,CHAVEZ HERNANDEZ BERNARDA LEOVIGILDA,"89,900.00",0.00,0.00,0.00,0.00,"2,914.00","3,280.00",0.00,0.00,0.00,0.00,0.00,0.00,0.00,"96,094.00"
GUERRERO,4,CARREÑO URIOSTEGUI ROCIO,"51,800.00",0.00,0.00,0.00,0.00,0.00,"70,800.00","5,486.80",0.00,0.00,0.00,0.00,0.00,0.00,"128,086.80"
GUERRERO,5,ROSALES ZOZA FELIPE DIONICIO,"64,200.00",0.00,0.00,0.00,0.00,0.00,0.00,0.00,0.00,0.00,0.00,0.00,0.00,0.00,"64,200.00"
GUERRERO,6,MIRANDA SILVA PAULA ANGELICA,"76,050.00",0.00,0.00,0.00,0.00,0.00,0.00,0.00,0.00,0.00,0.00,0.00,0.00,0.00,"76,050.00"
7,MUÑIZ OLMEDO BULMARO EMILIANO,"58,500.00",0.00,0.00,0.00,0.00,"8,625.00","25,812.50",0.00,0.00,0.00,0.00,0.00,0.00,0.00,"92,937.50",
"",,,,,,,,,,,,,,,,,
GUERRERO,8,CAYETANO GARCIA RUBEN,"71,600.00",0.00,0.00,0.00,0.00,0.00,0.00,0.00,0.00,0.00,0.00,0.00,0.00,0.00,"71,600.00"
GUERRERO,9,SALGADO PINEDA MARIA DEL SOL,"56,900.00",0.00,0.00,0.00,0.00,0.00,"50,685.78","93,050.00",0.00,0.00,0.00,0.00,0.00,0.00,"200,635.78"
Total Guerrero,,,"$612,150.00",$0.00,$0.00,$0.00,$0.00,"$22,239.00","$176,553.28","$98,536.80",$0.00,$0.00,$0.00,$0.00,$0.00,$0.00,"$909,479.08"
HIDALGO,1,PRIEGO SAAVEDRA MARCO ANTONIO,"$74,200.00",$0.00,$0.00,$0.00,$0.00,$0.00,$0.00,"$16,682.00",$0.00,"$7,500.00",$0.00,$0.00,$0.00,$0.00,"$98,382.00"
HIDALGO,2,AZPEITIA DÍAZ ARMANDO,"124,600.00",0.00,0.00,0.00,0.00,0.00,"10,074.91",0.00,0.00,0.00,0.00,0.00,0.00,0.00,"134,674.91"
HIDALGO,3,ALVAREZ PEREZ ANGELA,"73,000.00",0.00,0.00,0.00,0.00,0.00,0.00,"10,560.00",0.00,0.00,0.00,0.00,0.00,0.00,"83,560.00"
HIDALGO,4,DE LA CONCHA ORTIZ MARÍA CRISTINA,"56,100.00",0.00,0.00,0.00,"40,187.03",0.00,"19,000.00",0.00,0.00,0.00,0.00,0.00,0.00,0.00,"115,287.03"
HIDALGO,5,CADENA GARCIA LUIS ENRIQUE,"57,400.00",0.00,0.00,0.00,0.00,0.00,0.00,"36,000.00",0.00,0.00,0.00,0.00,0.00,0.00,"93,400.00"
HIDALGO,6,HERNANDEZ JIMENEZ MARÍA IRMA,"40,950.00",0.00,0.00,0.00,0.00,0.00,0.00,0.00,0.00,0.00,0.00,0.00,0.00,0.00,"40,950.00"
HIDALGO,7,ARIAS GONZALEZ MARTHA ELENA,"69,250.00",0.00,0.00,0.00,0.00,0.00,0.00,0.00,0.00,0.00,0.00,0.00,0.00,0.00,"69,250.00"
Total Hidalgo,,,"$495,500.00",$0.00,$0.00,$0.00,"$40,187.03",$0.00,"$29,074.91","$63,242.00",$0.00,"$7,500.00",$0.00,$0.00,$0.00,$0.00,"$635,503.94"
JALISCO,1,AGUIRRE GONZALEZ JUAN FRANCISCO,$0.00,"$1,542.80",$0.00,$0.00,$0.00,$0.00,"$67,720.00",$0.00,$0.00,$0.00,$0.00,"$20,000.00",$0.00,$0.00,"$89,262.80"
JALISCO,2,MONTANTES MARTINEZ MARIA EVA,"23,442.80",0.00,0.00,0.00,0.00,0.00,0.00,0.00,0.00,0.00,0.00,"20,000.00",0.00,0.00,"43,442.80"
JALISCO,3,RAMIREZ GONZALEZ OSCAR EDUARDO,"23,800.00","1,542.80",0.00,0.00,0.00,0.00,0.00,0.00,0.00,0.00,0.00,0.00,0.00,0.00,"25,342.80"
JALISCO,4,CUEVA PAZ MARIA GRISELDA,"55,542.80",0.00,0.00,0.00,0.00,0.00,"17,228.00",0.00,0.00,0.00,0.00,0.00,0.00,0.00,"72,770.80"
JALISCO,5,JOYA RUBIO GUADALUPE,0.00,"21,542.80",0.00,0.00,0.00,0.00,0.00,0.00,0.00,0.00,0.00,"26,200.00",0.00,0.00,"47,742.80"
JALISCO,6,ALCALA GOMEZ PATRICIA,"20,000.00","1,542.80",0.00,0.00,0.00,0.00,"26,266.00",0.00,0.00,0.00,0.00,"21,500.00",0.00,0.00,"69,308.80"
JALISCO,7,FLORES VAZQUEZ MARIA ELIZABETH,"20,000.00","1,542.80",0.00,0.00,0.00,0.00,"20,000.00",0.00,0.00,0.00,0.00,"8,200.00",0.00,0.00,"49,742.80"
JALISCO,8,PEREZ RODRIGUEZ LETICIA,"20,000.00","1,542.80",0.00,"4,400.00",0.00,0.00,0.00,0.00,0.00,0.00,0.00,0.00,0.00,0.00,"25,942.80"
JALISCO,9,JAUREGUI COTA JOSE LUIS,"39,500.00",0.00,0.00,"1,542.80",0.00,"75,000.00",0.00,0.00,0.00,0.00,0.00,0.00,0.00,0.00,"116,042.80"
JALISCO,10,ORTEGA ANDRADE MARGARITA,"58,100.00","1,542.80",0.00,0.00,160.78,"8,700.00","24,200.00","3,000.00",0.00,0.00,0.00,0.00,0.00,0.00,"95,703.58"
JALISCO,11,MARTINEZ SANCHEZ ANA SOFIA,"49,400.00","1,542.80",0.00,0.00,0.00,0.00,"58,562.00",0.00,0.00,0.00,0.00,0.00,0.00,0.00,"109,504.80"
JALISCO,12,CARDONA ALEGRIA ROSA MARIA,"20,000.00","1,542.80",0.00,0.00,0.00,0.00,"20,610.00",0.00,0.00,0.00,0.00,"61,600.00",0.00,0.00,"103,752.80"
JALISCO,13,BUENO GUTIERREZ JAVIER,"20,000.00","24,742.80",0.00,0.00,0.00,0.00,0.00,0.00,0.00,0.00,0.00,0.00,0.00,0.00,"44,742.80"
JALISCO,14,PELAYO REYNOSO JOSE DE JESUS,"20,000.00","1,542.80",0.00,0.00,0.00,0.00,"5,220.00",0.00,0.00,0.00,0.00,"29,600.00",0.00,0.00,"56,362.80"
JALISCO,15,LOMELI BECERRA JAVIER MARTIN,"43,400.00",0.00,0.00,"1,542.80",0.00,0.00,0.00,0.00,0.00,0.00,0.00,0.00,0.00,0.00,"44,942.80"
JALISCO,16,PEREZ SEGURA LAURA IMELDA,"66,600.00","1,542.80",0.00,0.00,0.00,0.00,"81,510.00",0.00,0.00,0.00,0.00,0.00,0.00,0.00,"149,652.80"
JALISCO,17,DIAZ OCHOA FRANCISCO JAVIER,"24,800.00","1,542.80",0.00,0.00,0.00,0.00,"140,456.00",0.00,0.00,0.00,0.00,0.00,0.00,0.00,"166,798.80"
JALISCO,18,CASIAN JIMENEZ HUMBERTO,"46,600.00",0.00,0.00,0.00,0.00,0.00,0.00,0.00,0.00,0.00,0.00,"1,542.80",0.00,0.00,"48,142.80"
JALISCO,19,VALERA HUEZO JORGE,"105,200.00",0.00,0.00,"1,542.80",0.00,0.00,0.00,0.00,0.00,0.00,0.00,0.00,0.00,0.00,"106,742.80"
Total Jalisco,,,"$656,385.60","$63,256.40",$0.00,"$9,028.40",$160.78,"$83,700.00","$461,772.00","$3,000.00",$0.00,$0.00,$0.00,"$188,642.80",$0.00,$0.00,"$1,465,945.98"
MÉXICO,1,MORALES RODRIGUEZ JESUS,"$20,000.00",$0.00,$0.00,$0.00,$0.00,$0.00,$0.00,$0.00,$0.00,$0.00,$0.00,"$5,603.11",$0.00,$0.00,"$25,603.11"
MÉXICO,2,SANCHEZ SANTILLAN OSCAR,"20,000.00",0.00,0.00,0.00,0.00,0.00,0.00,0.00,0.00,0.00,0.00,"10,603.11",0.00,0.00,"30,603.11"
MÉXICO,3,DE LA CRUZ SANABRIA MARGARITO,"20,000.00",0.00,0.00,0.00,0.00,"20,204.00",0.00,0.00,0.00,0.00,0.00,"5,603.11",0.00,0.00,"45,807.11"
MÉXICO,4,CARRASCO GODINEZ NELLY MINERVA,"46,400.00",0.00,0.00,0.00,0.00,"24,552.00","147,015.34",0.00,0.00,0.00,0.00,0.00,0.00,0.00,"217,967.34"
MÉXICO,5,MENDEZ ANAYA FROYLAN,"20,000.00",0.00,0.00,0.00,0.00,0.00,0.00,"75,565.00",0.00,0.00,0.00,0.00,0.00,0.00,"95,565.00"
MÉXICO,6,GARCIA FRANCO NORMA LIDIA,"20,000.00",0.00,0.00,0.00,0.00,0.00,0.00,0.00,0.00,0.00,0.00,"10,603.11",0.00,0.00,"30,603.11"
MÉXICO,7,ZAGAL RAMIREZ XOCHITL NASHIELLY,"20,000.00","384,431.79",0.00,0.00,0.00,0.00,"36,718.00",0.00,0.00,0.00,0.00,"27,741.70",0.00,0.00,"468,891.49"
MÉXICO,8,SANCHEZ VARGAS BRAULIO,"20,000.00",0.00,0.00,0.00,0.00,0.00,0.00,0.00,0.00,0.00,0.00,"10,603.11",0.00,0.00,"30,603.11"
MÉXICO,9,CASTILLO SECUNDINO CELESTINA,"20,000.00",0.00,0.00,0.00,0.00,0.00,0.00,0.00,0.00,0.00,0.00,"5,603.11",0.00,0.00,"25,603.11"
MÉXICO,10,ALDANA DUARTE ELBA,"20,000.00",0.00,0.00,0.00,0.00,0.00,0.00,0.00,0.00,0.00,0.00,"10,603.11",0.00,0.00,"30,603.11"
MÉXICO,11,HERNANDEZ PEREZ MARIA EUGENIA,"20,000.00",0.00,0.00,0.00,0.00,0.00,0.00,0.00,0.00,0.00,0.00,"10,603.11",0.00,0.00,"30,603.11"
MÉXICO,12,FLORES FLORES JOSE,"41,750.00",0.00,0.00,0.00,0.00,"10,700.00","8,128.13",0.00,0.00,0.00,0.00,"5,603.11",65.70,0.00,"66,246.94"
MÉXICO,13,HERNANDEZ BERMUDEZ LUZ MARIA,"107,253.64","163,373.03",0.00,0.00,0.00,0.00,"60,131.58","53,831.50",0.00,0.00,0.00,"5,000.00",0.00,0.00,"389,589.75"
MÉXICO,14,HERNANDEZ SAMANIEGO CESAR,"20,000.00",0.00,0.00,0.00,273.96,"36,250.00","43,040.00",0.00,0.00,0.00,0.00,0.00,0.00,0.00,"99,563.96"
MÉXICO,15,PENICHE RODRIGUEZ KARLA PAOLA,"20,000.00","995,650.46",0.00,0.00,0.00,0.00,0.00,0.00,0.00,0.00,0.00,"5,603.11",0.00,0.00,"1,021,253.57"
MÉXICO,16,AVILA FLORES PEDRO,"20,000.00",0.00,0.00,0.00,0.00,0.00,0.00,0.00,0.00,0.00,0.00,0.00,0.00,0.00,"20,000.00"
MÉXICO,17,ALCARAZ YAÑEZ ZORAIDA,"20,000.00",0.00,0.00,0.00,0.00,"15,403.89","2,697.50",0.00,0.00,0.00,0.00,"10,603.11",0.00,0.00,"48,704.50"
MÉXICO,18,MORALES OLIVARES JERONIMO,"20,000.00","78,764.00",0.00,0.00,0.00,0.00,0.00,0.00,0.00,0.00,0.00,"5,603.11",0.00,0.00,"104,367.11"
MÉXICO,19,SALAS HEREDIA INTI ERNESTO,"20,000.00","260,814.91",0.00,0.00,0.00,0.00,0.00,0.00,0.00,0.00,0.00,"5,603.11",0.00,0.00,"286,418.02"
MÉXICO,20,ANGELES MIGUEL ROBERTO,"18,000.00",0.00,0.00,0.00,0.00,0.00,0.00,0.00,0.00,0.00,0.00,0.00,0.00,0.00,"18,000.00"
MÉXICO,21,FIGUEROA RODRIGUEZ CECILIA,"20,000.00",0.00,0.00,0.00,0.00,0.00,0.00,0.00,0.00,0.00,0.00,"258,712.74",0.00,0.00,"278,712.74"
MÉXICO,22,MORA RIOS MARIA TERESA REBECA ROSA,"20,000.00",0.00,0.00,0.00,0.00,0.00,0.00,0.00,0.00,0.00,0.00,"5,603.11",0.00,0.00,"25,603.11"
23,BRITO LOPEZ GABRIEL,"20,000.00",0.00,0.00,0.00,0.00,0.00,0.00,0.00,0.00,0.00,0.00,"5,603.11",0.00,0.00,"25,603.11",
"",,,,,,,,,,,,,,,,,
MÉXICO,24,MONTOYA MARQUEZ ISAAC MARTIN,"21,331.45",0.00,0.00,0.00,0.00,0.00,"27,284.00",0.00,0.00,0.00,0.00,"5,603.11",0.00,0.00,"54,218.56"
MÉXICO,25,LOPEZ APARICIO DELFINO,"20,000.00",0.00,0.00,0.00,0.00,"18,700.00","78,848.99",0.00,0.00,0.00,0.00,"5,603.11",0.00,0.00,"123,152.10"
MÉXICO,26,REYES HERNANDEZ ARGENTINA,"20,000.00",0.00,0.00,0.00,0.00,500.00,"16,500.00","13,200.00",0.00,0.00,0.00,"5,603.11",0.00,0.00,"55,803.11"
MÉXICO,27,RAMIREZ ZUÑIGA MARTIN,"20,000.00","181,257.10",0.00,0.00,0.00,0.00,0.00,0.00,0.00,0.00,0.00,0.00,0.00,0.00,"201,257.10"
MÉXICO,28,VAZQUEZ MENDOZA MARIA ROSA RAQUEL,"20,000.00",0.00,0.00,0.00,0.00,0.00,0.00,0.00,"-37,197.49",0.00,0.00,"10,603.11",0.00,0.00,"-6,594.38"
MÉXICO,29,ROLDAN GONZALEZ MARIA GUADALUPE,"20,000.00",0.00,0.00,0.00,0.00,0.00,0.00,"94,316.76",0.00,0.00,0.00,"5,603.11",0.00,0.00,"119,919.87"
MÉXICO,30,CHAVEZ VAZQUEZ JULIO CESAR,"20,000.00",0.00,0.00,0.00,0.00,0.00,"6,000.00",0.00,52.96,0.00,0.00,0.00,0.00,0.00,"26,052.96"
MÉXICO,31,QUINTERO OLIVARES AARON,"20,000.00",0.00,0.00,0.00,0.00,0.00,0.00,0.00,0.00,0.00,0.00,"3,603.11",0.00,0.00,"23,603.11"
MÉXICO,32,MUCIÑO COLEOTE EDUARDO,"20,000.00",0.00,0.00,0.00,0.00,"7,664.79",0.00,0.00,0.00,0.00,0.00,0.00,0.00,0.00,"27,664.79"
MÉXICO,33,MENDOZA GARCIA EDNNA LAURA,"20,000.00",0.00,0.00,0.00,0.00,0.00,0.00,0.00,0.00,0.00,0.00,"5,603.11",0.00,0.00,"25,603.11"
MÉXICO,34,RODRIGUEZ ALBARRAN IRMA,"20,000.00",0.00,0.00,0.00,0.00,0.00,0.00,0.00,0.00,0.00,0.00,0.00,0.00,0.00,"20,000.00"
MÉXICO,35,BARRAGAN PACHECO JOSE FRANCISCO,"20,000.00",0.00,0.00,0.00,0.00,0.00,0.00,0.00,0.00,0.00,0.00,"5,603.11",0.00,0.00,"25,603.11"
MÉXICO,36,COLIN MARTINEZ ANGELICA MARIA,0.00,0.00,0.00,0.00,0.00,0.00,"10,200.00",0.00,0.00,0.00,0.00,"5,603.11",0.00,0.00,"15,803.11"
MÉXICO,37,HERNANDEZ ARELLANO SANDRA,"20,000.00",0.00,0.00,0.00,0.00,0.00,0.00,0.00,0.00,0.00,0.00,"10,603.11",0.00,0.00,"30,603.11"
MÉXICO,38,GOMEZ ALVAREZ DELFINA,"370,000.00",0.00,0.00,0.00,"150,000.00",0.00,0.00,"176,132.00",0.00,0.00,152.94,"5,603.11",0.00,0.00,"701,888.05"
MÉXICO,39,MUÑOZ VEGA MARIANO,"20,000.00",0.00,0.00,0.00,0.00,"95,206.00","111,403.50","15,400.00",0.00,0.00,0.00,"5,603.11",0.00,0.00,"247,612.61"
MÉXICO,40,DE LA FUENTE PLATA AVIUD,"20,000.00",0.00,0.00,0.00,0.00,0.00,0.00,0.00,0.00,0.00,0.00,"5,603.11",0.00,0.00,"25,603.11"
Total México,,,"$1,264,735.09","$2,064,291.29",$0.00,$0.00,"$150,273.96","$229,180.68","$547,967.04","$428,445.26","-$37,144.53",$0.00,$152.94,"$486,341.52",$65.70,$0.00,"$5,134,308.95"
MICHOACÁN,1,DOMINGUEZ GARCIA FEDERICO,"$20,000.00",$0.00,$0.00,$0.00,$0.00,$0.00,$0.00,$0.00,$0.00,$0.00,$0.00,$0.00,$0.00,$0.00,"$20,000.00"
MICHOACÁN,2,BARAJAS BARAJAS ESTEBAN,"20,000.00",0.00,0.00,0.00,0.00,0.00,"88,272.41","3,101.76",0.00,0.00,0.00,0.00,0.00,0.00,"111,374.17"
MICHOACÁN,3,RIVERA ESCUTIA TONANTZIN YUNUEN,"20,000.00",0.00,0.00,0.00,0.00,0.00,"41,735.50",0.00,0.00,0.00,0.00,0.00,0.00,0.00,"61,735.50"
MICHOACÁN,4,MESINAS ESTRADA MIRIAM EDITH,"20,000.00",0.00,0.00,0.00,0.00,0.00,0.00,0.00,0.00,0.00,0.00,0.00,0.00,0.00,"20,000.00"
MICHOACÁN,5,GUERRERO BARRERA YOLANDA,"20,000.00",0.00,0.00,0.00,0.00,"36,000.00","8,000.00",0.00,0.00,0.00,0.00,0.00,0.00,0.00,"64,000.00"
MICHOACÁN,6,BENITEZ CARBAJAL MARIA GUADALUPE,"20,000.00",0.00,0.00,0.00,0.00,0.00,0.00,0.00,0.00,0.00,0.00,0.00,0.00,0.00,"20,000.00"
MICHOACÁN,7,SANTOS MADRIGAL RAUL,"24,400.00",0.00,0.00,0.00,0.00,0.00,0.00,0.00,0.00,0.00,0.00,0.00,0.00,0.00,"24,400.00"
MICHOACÁN,8,MARTINEZ RAMIREZ MYRIAM,0.00,"13,101.60",0.00,0.00,0.00,0.00,0.00,"6,670.00",0.00,0.00,0.00,0.00,0.00,0.00,"19,771.60"
MICHOACÁN,9,TOLEDO RANGEL ALFREDO AZAEL,"20,000.00",0.00,0.00,0.00,0.00,0.00,0.00,0.00,0.00,0.00,0.00,0.00,0.00,0.00,"20,000.00"
MICHOACÁN,10,SANCHEZ PIETRASANTA ALFONSO SERGIO,"5,800.00",0.00,0.00,0.00,0.00,0.00,0.00,"11,000.00",0.00,0.00,0.00,0.00,0.00,0.00,"16,800.00"
MICHOACÁN,11,CHAVEZ PEREZ MARIA,"20,000.00",0.00,0.00,0.00,0.00,0.00,0.00,"24,558.33",0.00,0.00,0.00,0.00,0.00,0.00,"44,558.33"
MICHOACÁN,12,AGUIRRE MEDINA JOSE MARIA,"20,000.00",0.00,0.00,0.00,0.00,0.00,"8,377.04","40,000.00",0.00,0.00,0.00,0.00,0.00,0.00,"68,377.04"
Total Michoacán,,,"$210,200.00","$13,101.60",$0.00,$0.00,$0.00,"$36,000.00","$146,384.95","$85,330.09",$0.00,$0.00,$0.00,$0.00,$0.00,$0.00,"$491,016.64"
MORELOS,1,BARRERA URIOSTEGUI ALFONSO,"$20,000.00",$0.00,$0.00,$0.00,$0.00,"-$41,050.00","-$2,225.00","-$1,170.00",$0.00,$0.00,$0.00,$0.00,$0.00,$0.00,"-$24,445.00"
MORELOS,2,FLORES SOLORIO ARTURO,"20,000.00",0.00,0.00,0.00,"197,821.86",0.00,0.00,"277,469.40",0.00,"3,500.00",0.00,0.00,0.00,0.00,"498,791.26"
MORELOS,3,SANCHEZ VELEZ MICAELA,"77,987.01",0.00,0.00,0.00,0.00,"26,919.51","153,809.49",0.00,0.00,0.00,0.00,0.00,0.00,0.00,"258,716.01"
MORELOS,4,GONZALEZ AMEZCUA NORA PATRICIA,"20,000.00",0.00,0.00,0.00,0.00,"2,925.00","56,824.95","12,854.95",0.00,0.00,0.00,0.00,0.00,0.00,"92,604.90"
MORELOS,5,SANCHEZ TRUJILLO JOSE VICTOR,"80,300.00",0.00,0.00,0.00,"-12,460.00","52,267.04",-500.00,"37,243.00","-22,273.00","2,900.00",0.00,0.00,0.00,0.00,"137,477.04"
Total Morelos,,,"$218,287.01",$0.00,$0.00,$0.00,"$185,361.86","$41,061.55","$207,909.44","$326,397.35","-$22,273.00","$6,400.00",$0.00,$0.00,$0.00,$0.00,"$963,144.21"
NAYARIT,1,LORA ESTRADA ZEFERINO,"$20,000.00",$0.00,$0.00,$0.00,$0.00,$0.00,$0.00,$0.00,$0.00,$0.00,$0.00,$0.00,$0.00,$0.00,"$20,000.00"
NAYARIT,2,CIBRIAN PEREZ ANDREA,0.00,0.00,0.00,0.00,0.00,0.00,0.00,0.00,0.00,0.00,0.00,0.00,0.00,0.00,0.00
NAYARIT,3,CAMARENA HERRERA MARIA TERESA,"27,009.96",0.00,0.00,0.00,0.00,0.00,0.00,0.00,"-10,000.00",0.00,0.00,0.00,0.00,0.00,"17,009.96"
Total Nayarit,,,"$47,009.96",$0.00,$0.00,$0.00,$0.00,$0.00,$0.00,$0.00,"-$10,000.00",$0.00,$0.00,$0.00,$0.00,$0.00,"$37,009.96"
NUEVO LEÓN,1,ROBLEDO CAMACHO ISMAEL,"$20,000.00",$0.00,$0.00,"$5,026.67",$0.00,$0.00,$0.00,$0.00,$0.00,$0.00,$0.00,$0.00,$0.00,$0.00,"$25,026.67"
NUEVO LEÓN,2,ACOSTA DE LA ROSA MARLENE,"20,000.00",0.00,0.00,0.00,0.00,0.00,0.00,0.00,0.00,0.00,0.00,0.00,0.00,0.00,"20,000.00"
NUEVO LEÓN,3,GONZALEZ LOPEZ ROSALBA,"20,000.00",0.00,0.00,"5,026.67",0.00,0.00,0.00,0.00,0.00,0.00,0.00,0.00,0.00,0.00,"25,026.67"
NUEVO LEÓN,4,TRISTAN GUZMAN MARTHA ALICIA,"20,000.00",0.00,0.00,"5,026.67",0.00,0.00,0.00,0.00,0.00,0.00,0.00,0.00,0.00,0.00,"25,026.67"
NUEVO LEÓN,5,RODRIGUEZ DOMINGUEZ JACINTO JAVIER,"20,000.00",0.00,0.00,"5,026.68",0.00,0.00,0.00,0.00,0.00,0.00,0.00,0.00,0.00,0.00,"25,026.68"
NUEVO LEÓN,6,MANTECON SALAS RENE ROGELIO,"20,000.00",0.00,0.00,"5,026.67",0.00,0.00,0.00,0.00,0.00,0.00,0.00,0.00,0.00,0.00,"25,026.67"
NUEVO LEÓN,7,POSADA BRICEÑO EDELIN,"20,000.00",0.00,0.00,"5,026.67",0.00,0.00,0.00,0.00,0.00,0.00,0.00,0.00,0.00,0.00,"25,026.67"
NUEVO LEÓN,8,RODRIGUEZ VENEGAS JOEL,"20,000.00",0.00,0.00,"25,796.52",0.00,0.00,0.00,0.00,0.00,0.00,0.00,0.00,0.00,0.00,"45,796.52"
NUEVO LEÓN,9,OSORIO MORALES JESUS,"20,000.00",0.00,0.00,0.00,0.00,0.00,0.00,0.00,0.00,0.00,0.00,0.00,0.00,0.00,"20,000.00"
NUEVO LEÓN,10,PIEDRA IBARRA MA.DEL ROSARIO,"20,000.00",0.00,0.00,"5,026.67",0.00,0.00,0.00,0.00,0.00,0.00,0.00,0.00,0.00,0.00,"25,026.67"
NUEVO LEÓN,11,GUERRERO GONZALEZ FAUSTINO,"20,000.00",0.00,0.00,"5,026.67",0.00,0.00,0.00,0.00,0.00,0.00,0.00,0.00,0.00,0.00,"25,026.67"
NUEVO LEÓN,12,GUAJARDO MUÑOZ LUZ TANIA,"20,000.00",0.00,0.00,"5,026.67",0.00,0.00,0.00,0.00,0.00,0.00,0.00,0.00,0.00,0.00,"25,026.67"
"",,"$240,000.00",$0.00,$0.00,"$71,036.56",$0.00,$0.00,$0.00,$0.00,$0.00,$0.00,$0.00,$0.00,$0.00,$0.00,"$311,036.56",
"",,,,,,,,,,,,,,,,,
OAXACA,1,GOMEZ TORRES MARCO ANTONIO,"$20,000.00",$0.00,$0.00,$0.00,$0.00,$0.00,$0.00,"$127,996.27",$0.00,$0.00,$0.00,$0.00,$0.00,$0.00,"$147,996.27"
OAXACA,2,ORTIZ CABRERA NANCY CECILIA,"62,600.00",0.00,0.00,0.00,0.00,"-30,370.00",0.00,"-331,996.13",0.00,0.00,0.00,0.00,0.00,0.00,"-299,766.13"
OAXACA,3,CORTES ALAVEZ MARIA DEL ROSARIO,"29,000.00","20,000.00",0.00,0.00,0.00,725.02,"36,908.60","1,950.00",0.00,0.00,0.00,0.00,0.00,0.00,"88,583.62"
OAXACA,4,SANTIAGO CHEPI AZAEL,"67,000.00",0.00,0.00,0.00,0.00,"11,111.03",0.00,"211,146.05",0.00,0.00,0.00,0.00,0.00,0.00,"289,257.08"
OAXACA,5,MELENDEZ CRUZ PAVEL,"121,800.00",0.00,0.00,0.00,0.00,0.00,0.00,0.00,0.00,0.00,0.00,0.00,0.00,0.00,"121,800.00"
OAXACA,6,PEREZ LOPEZ BEATRIZ DOMINGA,"85,900.00",0.00,0.00,0.00,0.00,0.00,0.00,"178,075.00",0.00,"24,900.00",0.00,0.00,0.00,0.00,"288,875.00"
OAXACA,7,DOMINGUEZ FLORES ROSALINDA,"60,000.00",0.00,0.00,0.00,0.00,0.00,"191,131.00","13,229.00",0.00,0.00,0.00,0.00,0.00,0.00,"264,360.00"
OAXACA,8,LOPEZ LENA CRUZ HUMBERTO,"44,400.00","159,500.00",0.00,0.00,0.00,0.00,0.00,"22,000.00",0.00,"72,000.00",0.00,0.00,0.00,0.00,"297,900.00"
OAXACA,9,CUEVAS CORDOVA OTHON,"343,900.00",0.00,0.00,0.00,0.00,"123,395.00","10,712.80","380,723.57",0.00,0.00,0.00,0.00,0.00,0.00,"858,731.37"
OAXACA,10,FLORES ORTEGA AMARO EDUARDO,"71,700.00",0.00,0.00,0.00,0.00,"70,590.00",0.00,"38,300.00",0.00,0.00,0.00,0.00,0.00,0.00,"180,590.00"
OAXACA,11,MELO ROJAS ADELA REGINA,"59,200.00",0.00,0.00,0.00,0.00,"5,568.00",0.00,"43,759.84",0.00,0.00,0.00,0.00,0.00,0.00,"108,527.84"
Total Oaxaca,,,"$965,500.00","$179,500.00",$0.00,$0.00,$0.00,"$181,019.05","$238,752.40","$685,183.60",$0.00,"$96,900.00",$0.00,$0.00,$0.00,$0.00,"$2,346,855.05"
PUEBLA,1,CARREÑO ORTIZ EDUARDO ARTURO,"$20,000.00",$0.00,$0.00,$0.00,$0.00,$0.00,$0.00,$0.00,$0.00,$0.00,$0.00,$0.00,$0.00,$0.00,"$20,000.00"
PUEBLA,2,HERNANDEZ JUAREZ EVELIA,"39,500.00",0.00,0.00,0.00,0.00,0.00,"3,970.00","3,500.00",0.00,0.00,0.00,0.00,0.00,0.00,"46,970.00"
PUEBLA,3,CAMPOS RODRIGUEZ GLORIA,"44,000.00",0.00,0.00,0.00,0.00,0.00,0.00,0.00,0.00,0.00,0.00,0.00,0.00,0.00,"44,000.00"
PUEBLA,4,GARCIA VAZQUEZ BENJAMIN,"-14,291.58",0.00,0.00,0.00,0.00,0.00,"39,374.00","22,244.86",0.00,0.00,0.00,0.00,0.00,0.00,"47,327.28"
PUEBLA,5,JACINTO GUARDIOLA MOISES,"20,000.00",0.00,0.00,0.00,0.00,0.00,0.00,0.00,0.00,0.00,0.00,0.00,0.00,0.00,"20,000.00"
PUEBLA,6,BRAVO NAVARRO LUIS FERNANDO,"20,000.00",0.00,0.00,0.00,"2,327.00","52,800.00",0.00,0.00,0.00,0.00,0.00,0.00,0.00,0.00,"75,127.00"
PUEBLA,7,ANZUREZ GALICIA JOSE ANGEL,"35,400.00",0.00,0.00,0.00,0.00,"2,700.00","34,960.00",0.00,0.00,0.00,0.00,0.00,0.00,0.00,"73,060.00"
PUEBLA,8,CRUZ GARCIA MARISOL,"61,700.00",0.00,0.00,0.00,0.00,0.00,0.00,0.00,0.00,0.00,0.00,0.00,0.00,0.00,"61,700.00"
PUEBLA,9,HERNANDEZ LOPEZ PEDRO,"20,000.00",0.00,0.00,0.00,0.00,0.00,0.00,0.00,0.00,0.00,0.00,0.00,0.00,0.00,"20,000.00"
PUEBLA,10,HERRERA ORTEGA MARIA HORTENCIA GABRIELA,0.00,0.00,0.00,0.00,0.00,0.00,0.00,0.00,0.00,0.00,0.00,0.00,0.00,0.00,0.00
PUEBLA,11,LOPEZ GONZALEZ SUSANA ARACELI,0.00,0.00,0.00,0.00,0.00,0.00,"10,953.47",0.00,"12,398.80",0.00,0.00,0.00,0.00,0.00,"23,352.27"
PUEBLA,12,ABDALA DARTIGUES RODRIGO,"20,000.00",0.00,0.00,0.00,"37,094.53","6,370.00",0.00,0.00,0.00,0.00,0.00,0.00,0.00,0.00,"63,464.53"
PUEBLA,13,ROMERO OLAVARRIETA ROGELIO ABEN,0.00,0.00,0.00,0.00,0.00,0.00,0.00,0.00,0.00,0.00,0.00,0.00,0.00,0.00,0.00
PUEBLA,14,GARCIA MARTINEZ LUZ DEL CARMEN,"96,559.98",0.00,0.00,0.00,0.00,0.00,0.00,0.00,0.00,0.00,0.00,0.00,0.00,0.00,"96,559.98"
PUEBLA,15,ROMERO SILVA JOSE DE JESUS,"20,000.00",0.00,0.00,0.00,0.00,0.00,0.00,0.00,0.00,0.00,0.00,0.00,0.00,0.00,"20,000.00"
PUEBLA,16,PARRA JUAREZ INES,"20,000.00",0.00,0.00,0.00,0.00,0.00,0.00,0.00,0.00,0.00,0.00,0.00,0.00,0.00,"20,000.00"
Total Puebla,,,"$402,868.40",$0.00,$0.00,$0.00,"$39,421.53","$61,870.00","$89,257.47","$25,744.86","$12,398.80",$0.00,$0.00,$0.00,$0.00,$0.00,"$631,561.06"
QUERÉTARO,1,OJEDA GRIFALDO JUANA PATRICIA,"$20,000.00",$0.00,$0.00,$0.00,$0.00,$0.00,$0.00,$0.00,$0.00,$0.00,$0.00,$0.00,$0.00,$0.00,"$20,000.00"
QUERÉTARO,2,MARTINEZ FLORES REFUGIO,"20,000.00",0.00,0.00,0.00,0.00,0.00,0.00,0.00,672.97,0.00,0.00,0.00,0.00,0.00,"20,672.97"
QUERÉTARO,3,SANCHEZ DIAZ DE LEON GISELA DE JESUS,"20,000.00",0.00,0.00,0.00,0.00,0.00,0.00,0.00,0.00,0.00,0.00,0.00,0.00,0.00,"20,000.00"
QUERÉTARO,4,BARCENAS VAZQUEZ LUIS,"20,000.00",0.00,0.00,0.00,0.00,"32,574.00","16,473.90","53,616.00",0.00,0.00,0.00,0.00,0.00,0.00,"122,663.90"
Total Querétaro,,,"$80,000.00",$0.00,$0.00,$0.00,$0.00,"$32,574.00","$16,473.90","$53,616.00",$672.97,$0.00,$0.00,$0.00,$0.00,$0.00,"$183,336.87"
QUINTANA ROO,1,VARGAS ROSAS SALVADOR,"$20,000.00",$0.00,$0.00,$0.00,$0.00,$0.00,$0.00,$0.00,$0.00,$0.00,$0.00,$0.00,$0.00,$0.00,"$20,000.00"
QUINTANA ROO,2,MARTINEZ HERNANDEZ YENSUNNI IDALIA,"3,199.15",0.00,0.00,0.00,0.00,0.00,0.00,0.00,0.00,0.00,0.00,0.00,0.00,0.00,"3,199.15"
QUINTANA ROO,3,SOLANO GONZALEZ NORMA,"20,000.00",0.00,0.00,0.00,0.00,0.00,0.00,0.00,0.00,0.00,0.00,0.00,0.00,0.00,"20,000.00"
Total Quinta Roo,,,"$43,199.15",$0.00,$0.00,$0.00,$0.00,$0.00,$0.00,$0.00,$0.00,$0.00,$0.00,$0.00,$0.00,$0.00,"$43,199.15"
SAN LUIS POTOSÍ,1,MENDOZA TOVAR JOSE ROSARIO,"$20,000.00",$0.00,$0.00,$0.00,$0.00,$0.00,$0.00,$0.00,$0.00,$0.00,$0.00,$0.00,$0.00,$0.00,"$20,000.00"
SAN LUIS POTOSÍ,2,CERVANTES ROJAS ELI CESAR EDUARDO,"20,000.00",0.00,0.00,0.00,0.00,0.00,0.00,0.00,0.00,0.00,0.00,0.00,0.00,0.00,"20,000.00"
SAN LUIS POTOSÍ,3,REYNAGA MARTINEZ CARLA LIZBETH,"20,000.00",0.00,0.00,0.00,0.00,0.00,0.00,0.00,0.00,0.00,0.00,0.00,0.00,0.00,"20,000.00"
SAN LUIS POTOSÍ,4,CRUZ CHAVEZ DAVID,"20,000.00",0.00,0.00,0.00,0.00,0.00,0.00,0.00,0.00,0.00,0.00,0.00,0.00,0.00,"20,000.00"
SAN LUIS POTOSÍ,5,GARCIA VAZQUEZ MARCELA,0.00,0.00,"20,000.00",0.00,0.00,0.00,0.00,0.00,0.00,0.00,0.00,0.00,0.00,0.00,"20,000.00"
SAN LUIS POTOSÍ,6,ZAMORA TORRES MACRINA,"20,000.00",0.00,0.00,0.00,0.00,0.00,0.00,0.00,0.00,0.00,0.00,0.00,0.00,0.00,"20,000.00"
SAN LUIS POTOSÍ,7,DOTHE MATA PRIMO,"20,000.00",0.00,0.00,0.00,0.00,0.00,0.00,0.00,0.00,0.00,0.00,0.00,0.00,0.00,"20,000.00"
Total San Luis Potosí,,,"$120,000.00",$0.00,"$20,000.00",$0.00,$0.00,$0.00,$0.00,$0.00,$0.00,$0.00,$0.00,$0.00,$0.00,$0.00,"$140,000.00"
SINALOA,1,IBARRA MEJIA ELIZABETH ANA,"$68,200.00",$0.00,$0.00,$0.00,$0.00,$0.00,"$81,000.00",$0.00,$0.00,$0.00,$0.00,"$18,408.62",$0.00,$0.00,"$167,608.62"
SINALOA,2,MENENDEZ DE LLANO BERMUDEZ ANTONIO,"54,000.00",0.00,0.00,0.00,0.00,0.00,"-30,794.09",0.00,0.00,0.00,0.00,"18,408.62",0.00,0.00,"41,614.53"
SINALOA,3,MONTOYA BOJORQUEZ IRENE,"20,000.00",0.00,0.00,0.00,0.00,0.00,0.00,0.00,0.00,0.00,0.00,"18,408.62",0.00,0.00,"38,408.62"
SINALOA,4,MESURA BAEZ MIGUEL ANGEL,"20,000.00",0.00,0.00,0.00,0.00,0.00,0.00,0.00,0.00,0.00,0.00,"18,408.62",0.00,0.00,"38,408.62"
SINALOA,5,REA REATIGA STHEFANY,"26,800.00",0.00,0.00,0.00,0.00,0.00,0.00,0.00,0.00,0.00,0.00,"18,408.62",0.00,0.00,"45,208.62"
SINALOA,6,CARRAZCO MACIAS OLEGARIA,"52,200.00",0.00,0.00,0.00,0.00,0.00,0.00,0.00,390.00,0.00,0.00,"18,408.62",0.00,0.00,"70,998.62"
SINALOA,7,MEDRANO PALAZUELOS MARCO ANTONIO,"32,900.00",0.00,0.00,0.00,0.00,0.00,"88,800.00",0.00,0.00,0.00,0.00,"18,408.62",0.00,0.00,"140,108.62"
8,RUIZ ARIAS MAXIMILIANO,"20,000.00",0.00,0.00,0.00,0.00,0.00,"11,500.00","26,100.00",0.00,0.00,0.00,0.00,0.00,0.00,"57,600.00",
"",,,,,,,,,,,,,,,,,
Total Sinaloa,,,"$294,100.00",$0.00,$0.00,$0.00,$0.00,$0.00,"$150,505.91","$26,100.00",$390.00,$0.00,$0.00,"$128,860.34",$0.00,$0.00,"$599,956.25"
SONORA,1,GAYTAN SANCHEZ MARIA ALICIA,"$20,000.00",$0.00,$0.00,$0.00,$0.00,$0.00,$0.00,$0.00,$0.00,$0.00,$0.00,$0.00,$0.00,$0.00,"$20,000.00"
SONORA,2,SOTO GRACIA EDNA ELINORA,"20,000.00",0.00,0.00,0.00,0.00,0.00,0.00,0.00,0.00,0.00,0.00,0.00,0.00,0.00,"20,000.00"
SONORA,3,MOLINA BALLESTEROS JESUS ANTONIO,"20,000.00",0.00,0.00,0.00,0.00,0.00,0.00,0.00,0.00,0.00,0.00,0.00,0.00,0.00,"20,000.00"
SONORA,4,DELGADO GRAJEOLA MARIA JESUS,"46,093.49",0.00,0.00,0.00,0.00,0.00,0.00,0.00,0.00,0.00,0.00,0.00,0.00,0.00,"46,093.49"
SONORA,5,MORALES GARCIA SERGIO,"20,000.00",0.00,0.00,0.00,"5,618.44",0.00,0.00,0.00,0.00,0.00,0.00,0.00,0.00,0.00,"25,618.44"
SONORA,6,GASTELUM BARRERAS DENI,"20,000.00",0.00,0.00,0.00,0.00,0.00,0.00,0.00,0.00,0.00,0.00,0.00,0.00,0.00,"20,000.00"
SONORA,7,ESCUDERO Y GONZALEZ LEOPOLDO,"20,000.00",0.00,0.00,0.00,0.00,0.00,0.00,0.00,0.00,0.00,0.00,0.00,0.00,0.00,"20,000.00"
Total Sonora,,,"$166,093.49",$0.00,$0.00,$0.00,"$5,618.44",$0.00,$0.00,$0.00,$0.00,$0.00,$0.00,$0.00,$0.00,$0.00,"$171,711.93"
TABASCO,1,GIL HOYOS GEORGINA VICTORIA,"$17,120.39",$0.00,$0.00,$0.00,$0.00,"$7,500.00","$3,000.00","$20,260.00",$0.00,$0.00,$0.00,$0.00,$0.00,$0.00,"$47,880.39"
TABASCO,2,TORRUCO CADENAS MARIA GUADALUPE,"20,031.07",0.00,0.00,0.00,0.00,0.00,0.00,"1,993.84",0.00,"5,376.31",0.00,0.00,0.00,0.00,"27,401.22"
TABASCO,3,ESPADAS MENDEZ GREGORIO EFRAIN,"20,000.01",0.00,0.00,0.00,0.00,0.00,"220,076.44","49,146.61",0.00,0.00,0.00,0.00,0.00,0.00,"289,223.06"
TABASCO,4,BELTRAN HERNANDEZ JOSE EDUARDO,"20,000.00",0.00,0.00,0.00,0.00,"25,000.00","20,000.00","9,000.00",0.00,0.00,0.00,0.00,0.00,0.00,"74,000.00"
TABASCO,5,AVALOS MAGAÑA LAURA PATRICIA,"20,000.01",0.00,0.00,0.00,0.00,0.00,600.00,0.00,0.00,0.00,0.00,0.00,0.00,0.00,"20,600.01"
TABASCO,6,MANRIQUE PRIEGO SALVADOR,"19,998.32",0.00,0.00,0.00,0.00,"7,000.00","2,754.00","93,199.60",0.00,0.00,0.00,0.00,0.00,0.00,"122,951.92"
Total Tabasco,,,"$117,149.80",$0.00,$0.00,$0.00,$0.00,"$39,500.00","$246,430.44","$173,600.05",$0.00,"$5,376.31",$0.00,$0.00,$0.00,$0.00,"$582,056.60"
TAMAULIPAS,1,SOTO CORTES ALBERTO DAMIAN,"$20,000.00","$20,000.00",$0.00,$0.00,$0.00,$0.00,$0.00,$0.00,$0.00,$0.00,$0.00,$0.00,$0.00,$0.00,"$40,000.00"
TAMAULIPAS,2,VALENCIA CRUZ SILVIA LEONOR,"20,000.00",0.00,0.00,0.00,0.00,0.00,0.00,0.00,0.00,0.00,0.00,0.00,0.00,0.00,"20,000.00"
TAMAULIPAS,3,OCHOA GARZA MARIO ELOY,"20,000.00",0.00,0.00,0.00,0.00,"21,378.00",0.00,0.00,0.00,0.00,0.00,0.00,0.00,0.00,"41,378.00"
TAMAULIPAS,4,GONZALEZ BENAVIDES ALMA REYNA,"20,000.00",0.00,0.00,0.00,0.00,0.00,0.00,0.00,0.00,0.00,0.00,0.00,0.00,0.00,"20,000.00"
TAMAULIPAS,5,SAENZ LARA IRMA,"20,000.00",0.00,0.00,0.00,0.00,"20,694.47",0.00,0.00,0.00,0.00,0.00,0.00,0.00,0.00,"40,694.47"
TAMAULIPAS,6,HERNANDEZ MEDINA JULIO CESAR,"39,200.00",0.00,0.00,0.00,0.00,"52,000.00",0.00,0.00,0.00,0.00,0.00,0.00,0.00,0.00,"91,200.00"
TAMAULIPAS,7,FERRETIS DE LEON GERARDO,"20,000.00",0.00,0.00,0.00,0.00,0.00,0.00,"21,990.71",0.00,0.00,0.00,0.00,0.00,0.00,"41,990.71"
TAMAULIPAS,8,COVARRUBIAS CERVANTES MA. GUADALUPE,"20,000.00",0.00,0.00,0.00,0.00,"19,373.86","53,193.05","10,000.00",0.00,0.00,0.00,0.00,0.00,0.00,"102,566.91"
Total Tamaulipas,,,"$179,200.00","$20,000.00",$0.00,$0.00,$0.00,"$113,446.33","$53,193.05","$31,990.71",$0.00,$0.00,$0.00,$0.00,$0.00,$0.00,"$397,830.09"
TLAXCALA,1,SANCHEZ ANAYA ALFONSO ABRAHAM,"$20,000.00",$0.00,$0.00,$0.00,"$200,000.00",$0.00,$0.00,"$70,400.00",$0.00,"$33,500.00",$9.51,$0.00,$0.00,$0.00,"$323,909.51"
TLAXCALA,2,CASTILLO HERNANDEZ LAURENCIO MARCO ANTONIO,"20,000.00",0.00,0.00,0.00,0.00,"52,200.00",0.00,"189,315.50",0.00,0.00,0.00,0.00,0.00,0.00,"261,515.50"
TLAXCALA,3,RIVERA RIVERA ANA LILIA,"20,000.00",0.00,0.00,0.00,0.00,"32,601.63","106,624.99",0.00,0.00,0.00,0.00,0.00,0.00,0.00,"159,226.62"
Total Tlaxcala,,,"$60,000.00",$0.00,$0.00,$0.00,"$200,000.00","$84,801.63","$106,624.99","$259,715.50",$0.00,"$33,500.00",$9.51,$0.00,$0.00,$0.00,"$744,651.63"
VERACRUZ,1,ZARATE DOMINGUEZ TERESA DE JESUS,"$48,700.00",$0.00,$0.00,$0.00,$0.00,$0.00,"$44,981.66",$0.00,$0.00,$0.00,$0.00,$0.00,$0.00,$0.00,"$93,681.66"
VERACRUZ,2,ARGÜELLES LOZANO MARIA GUADALUPE,"38,400.00",0.00,0.00,0.00,0.00,0.00,"33,700.00",0.00,0.00,0.00,0.00,0.00,0.00,0.00,"72,100.00"
VERACRUZ,3,ESPINOZA SEGURA MARIA BERTHA,"50,600.00",0.00,0.00,0.00,77.00,0.00,"47,447.60","47,350.00",0.00,0.00,0.00,0.00,0.00,0.00,"145,474.60"
VERACRUZ,4,MORALES MAR CARLOS ANDRES,"62,500.00",0.00,0.00,0.00,"34,480.00","100,234.00","24,950.00",0.00,"25,100.00",0.00,0.00,0.00,0.00,0.00,"247,264.00"
VERACRUZ,5,BONILLA HERRERA RAQUEL,"20,000.00",0.00,0.00,0.00,0.00,0.00,"-13,906.26",0.00,-296.91,0.00,0.00,0.00,0.00,0.00,"5,796.83"
VERACRUZ,6,MARQUEZ OLARTE MARCIAL,"34,400.00",0.00,0.00,0.00,"3,053.30",0.00,"61,740.00",710.00,0.00,0.00,0.00,0.00,0.00,0.00,"99,903.30"
VERACRUZ,7,RAMIREZ SANCHEZ ROLANDO,"60,300.00",0.00,0.00,0.00,0.00,0.00,"42,750.00","67,441.00",0.00,0.00,0.00,0.00,0.00,0.00,"170,491.00"
VERACRUZ,8,GARCIA RIOS ANA LUISA,"77,300.00",0.00,0.00,0.00,0.00,"1,083.96","101,028.22",0.00,0.00,0.00,0.00,0.00,0.00,0.00,"179,412.18"
VERACRUZ,9,REYES CASTAÑEDA ROSA MARIA,"58,700.00",0.00,0.00,0.00,0.00,0.00,"110,800.00",0.00,0.00,0.00,0.00,0.00,0.00,0.00,"169,500.00"
VERACRUZ,10,GARCIA JIMENEZ CUITLAHUAC,"72,700.00","3,480.00",0.00,0.00,0.00,"93,858.00","21,193.58",0.00,0.00,0.00,0.00,0.00,0.00,0.00,"191,231.58"
VERACRUZ,11,NAHLE GARCIA NORMA ROCIO,"20,000.00",0.00,0.00,0.00,0.00,0.00,"127,298.00","5,200.00","39,115.00",0.00,0.00,0.00,0.00,0.00,"191,613.00"
VERACRUZ,12,DE LA CRUZ SANCHEZ JUAN INOCENTE,"68,400.00",0.00,0.00,0.00,0.00,"88,033.00","82,999.00",0.00,0.00,0.00,0.00,0.00,0.00,0.00,"239,432.00"
VERACRUZ,13,MARTINEZ PEREZ DAMASO,"73,000.00",0.00,0.00,0.00,0.00,"6,212.10","12,593.57","1,250.00",0.00,0.00,0.00,0.00,0.00,0.00,"93,055.67"
VERACRUZ,14,OLOARTE AMBROSIO MARIA ELENA,"66,800.00",0.00,0.00,0.00,0.00,0.00,"17,023.46","36,270.00",0.00,0.00,0.00,0.00,0.00,0.00,"120,093.46"
VERACRUZ,15,VILLEGAS GUARNEROS DULCE MARIA CORINA,"113,750.00",0.00,0.00,0.00,0.00,0.00,"26,600.00",0.00,0.00,0.00,0.00,0.00,0.00,0.00,"140,350.00"
VERACRUZ,16,VAZQUEZ HERNANDEZ ARNULFO,"51,600.00",0.00,0.00,"2,900.00",0.00,"3,300.00","13,397.10",0.00,0.00,0.00,0.00,0.00,0.00,0.00,"71,197.10"
VERACRUZ,17,BARRADAS BASURTO HUGO,"82,700.00",0.00,0.00,0.00,0.00,"35,305.00",0.00,0.00,0.00,0.00,0.00,0.00,0.00,0.00,"118,005.00"
VERACRUZ,18,XOCUA TEHUINTLE LUIS MANUEL,"56,800.00",0.00,0.00,0.00,0.00,0.00,"1,450.67","85,150.00",0.00,0.00,0.00,0.00,0.00,0.00,"143,400.67"
VERACRUZ,19,ZARZA CARRIZOSA MARIA INES,"63,300.00",0.00,0.00,0.00,0.00,0.00,0.00,0.00,0.00,0.00,0.00,0.00,0.00,0.00,"63,300.00"
VERACRUZ,20,CASTRO MUÑOZ JANIX LILIANA,"64,900.00",0.00,0.00,0.00,0.00,0.00,"30,840.00",0.00,0.00,0.00,0.00,0.00,0.00,0.00,"95,740.00"
VERACRUZ,21,MARTINEZ TORRES LUCAS,"75,700.00",0.00,0.00,0.00,46.42,0.00,"24,806.85",0.00,0.00,0.00,0.00,0.00,0.00,0.00,"100,553.27"
Total Veracruz,,,"$1,260,550.00","$3,480.00",$0.00,"$2,900.00","$37,656.72","$328,026.06","$811,693.45","$243,371.00","$63,918.09",$0.00,$0.00,$0.00,$0.00,$0.00,"$2,751,595.32"
YUCATÁN,1,BALAM CHAN NAYELY GUADALUPE,"$20,000.00",$0.00,$0.00,"$60,695.23",$0.00,$0.00,"$1,500.00",$0.00,$0.00,$0.00,$0.00,$0.00,$0.00,$0.00,"$82,195.23"
YUCATÁN,2,LOPEZ TORRES FELIX RENAN,"20,000.00",0.00,0.00,"31,040.99",0.00,0.00,0.00,0.00,0.00,0.00,0.00,"12,700.00",0.00,0.00,"63,740.99"
3,AGUILAR SALAZAR ROGER HERVE,"20,000.00",0.00,0.00,"40,157.95",0.00,0.00,0.00,0.00,0.00,0.00,0.00,0.00,0.00,0.00,"60,157.95",
"",,,,,,,,,,,,,,,,,
YUCATÁN,4,CALDERON CARBAJAL GUILLERMO,"20,000.00","6,060.19",0.00,"34,097.76",0.00,0.00,0.00,0.00,0.00,0.00,0.00,0.00,0.00,0.00,"60,157.95"
YUCATÁN,5,NOVELO SEGURA ALEJANDRA DE LOS ANGELES,"20,000.00",0.00,0.00,"31,040.99",0.00,0.00,"1,174.50",0.00,0.00,0.00,0.00,"7,100.00",0.00,0.00,"59,315.49"
Total Yucatán,,,"$100,000.00","$6,060.19",$0.00,"$197,032.92",$0.00,$0.00,"$2,674.50",$0.00,$0.00,$0.00,$0.00,"$19,800.00",$0.00,$0.00,"$325,567.61"
ZACATECAS,1,MALDONADO TAPIA MIRNA ZABEIDA,"$35,200.00",$0.00,$0.00,$0.00,$0.00,$0.00,"$229,147.06","$1,099.00",$0.00,$0.00,$0.00,$0.00,$0.00,$0.00,"$265,446.06"
ZACATECAS,2,FLORES SANDOVAL FRANCISCO,"34,700.00",0.00,0.00,0.00,0.00,0.00,"3,445.03",0.00,0.00,0.00,0.00,0.00,0.00,0.00,"38,145.03"
ZACATECAS,3,CASTILLO MARTINEZ SALVADOR,"-17,700.00",0.00,0.00,0.00,0.00,0.00,"16,340.06",0.00,"6,000.00",0.00,0.00,0.00,0.00,0.00,"4,640.06"
ZACATECAS,4,FIGUEROA RANGEL JOSE LUIS,"-60,100.00",0.00,0.00,0.00,0.00,"29,000.01","231,206.42","5,985.60",0.00,0.00,0.00,0.00,0.00,0.00,"206,092.03"
Total Zacatecas,,,"-$7,900.00",$0.00,$0.00,$0.00,$0.00,"$29,000.01","$480,138.57","$7,084.60","$6,000.00",$0.00,$0.00,$0.00,$0.00,$0.00,"$514,323.18"
Gran Total,,,"$9,761,347.98","$2,439,169.97","$92,665.90","$312,459.08","$1,122,108.44","$2,317,099.09","$4,608,838.33","$5,074,477.46","$100,412.33","$416,927.91",$162.45,"$1,054,567.06","$31,498.11",$0.00,"$27,331,734.11"
